HRRCITY,Staffed All Beds,Staffed ICU Beds,Licensed All Beds,All Bed Occupancy Rate,ICU Bed Occupancy Rate,Population,Population (20+),Population (65+),Staffed All Beds [Per 1000 People],Staffed All Beds [Per 1000 Adults (20+)],Staffed All Beds [Per 1000 Elderly (65+)],Staffed ICU Beds [Per 1000 People],Staffed ICU Beds [Per 1000 Adults (20+)],Staffed ICU Beds [Per 1000 Elderly (65+)],Licensed All Beds [Per 1000 People],Licensed All Beds [Per 1000 Adults (20+)],Licensed All Beds [Per 1000 Elderly (65+)]
AL- BIRMINGHAM,7551.0,838.0,9763.0,0.58,0.68,2315317.0,1739960.0,394851.0,3.261,4.34,19.124,0.362,0.482,2.122,4.217,5.611,24.726
AL- DOTHAN,1159.0,110.0,1501.0,0.55,0.68,369295.0,280167.0,69067.0,3.138,4.137,16.781,0.298,0.393,1.593,4.065,5.358,21.733
AL- HUNTSVILLE,1754.0,163.0,2110.0,0.63,0.71,664860.0,500270.0,106495.0,2.638,3.506,16.47,0.245,0.326,1.531,3.174,4.218,19.813
AL- MOBILE,2490.0,270.0,3244.0,0.64,0.69,856229.0,640362.0,148917.0,2.908,3.888,16.721,0.315,0.422,1.813,3.789,5.066,21.784
AL- MONTGOMERY,1466.0,117.0,1938.0,0.58,0.62,459289.0,342900.0,73128.0,3.192,4.275,20.047,0.255,0.341,1.6,4.22,5.652,26.501
AL- TUSCALOOSA,711.0,96.0,1054.0,0.65,0.83,276955.0,207337.0,41707.0,2.567,3.429,17.047,0.347,0.463,2.302,3.806,5.084,25.272
AR- FORT SMITH,878.0,49.0,1548.0,0.46,0.22,379228.0,280700.0,67712.0,2.315,3.128,12.967,0.129,0.175,0.724,4.082,5.515,22.862
AR- JONESBORO,893.0,82.0,1091.0,0.55,0.67,255910.0,186443.0,41573.0,3.49,4.79,21.48,0.32,0.44,1.972,4.263,5.852,26.243
AR- LITTLE ROCK,6183.0,488.0,8167.0,0.58,0.68,1576377.0,1180606.0,278522.0,3.922,5.237,22.199,0.31,0.413,1.752,5.181,6.918,29.323
AR- SPRINGDALE,1290.0,115.0,1794.0,0.54,0.47,621409.0,448833.0,88716.0,2.076,2.874,14.541,0.185,0.256,1.296,2.887,3.997,20.222
AR- TEXARKANA,923.0,96.0,1229.0,0.43,0.26,257300.0,189290.0,45553.0,3.587,4.876,20.262,0.373,0.507,2.107,4.777,6.493,26.98
AZ- MESA,2541.0,281.0,2676.0,0.72,0.62,380496.0,282352.0,66086.0,6.678,8.999,38.45,0.739,0.995,4.252,7.033,9.478,40.493
AZ- PHOENIX,8802.0,731.0,10578.0,0.6,0.58,2874080.0,2129954.0,509692.0,3.063,4.132,17.269,0.254,0.343,1.434,3.68,4.966,20.754
AZ- SUN CITY,916.0,119.0,1020.0,0.47,0.32,746692.0,552840.0,121497.0,1.227,1.657,7.539,0.159,0.215,0.979,1.366,1.845,8.395
AZ- TUCSON,3098.0,308.0,3699.0,0.56,0.51,1123893.0,848419.0,223377.0,2.756,3.651,13.869,0.274,0.363,1.379,3.291,4.36,16.559
CA- ALAMEDA CO.,3564.0,323.0,4380.0,0.59,0.54,1753267.0,1350461.0,242861.0,2.033,2.639,14.675,0.184,0.239,1.33,2.498,3.243,18.035
CA- BAKERSFIELD,2256.0,205.0,3788.0,0.57,0.53,785968.0,532654.0,87259.0,2.87,4.235,25.854,0.261,0.385,2.349,4.82,7.112,43.411
CA- CHICO,521.0,51.0,750.0,0.79,0.54,261294.0,197927.0,48142.0,1.994,2.632,10.822,0.195,0.258,1.059,2.87,3.789,15.579
CA- CONTRA COSTA CO.,1908.0,203.0,2082.0,0.57,0.59,1227389.0,923090.0,193541.0,1.555,2.067,9.858,0.165,0.22,1.049,1.696,2.255,10.757
CA- FRESNO,3677.0,228.0,4048.0,0.46,0.59,1083238.0,749539.0,132085.0,3.394,4.906,27.838,0.21,0.304,1.726,3.737,5.401,30.647
CA- LOS ANGELES,23177.0,2313.0,27506.0,0.62,0.62,9969706.0,7539253.0,1352204.0,2.325,3.074,17.14,0.232,0.307,1.711,2.759,3.648,20.342
CA- MODESTO,1724.0,118.0,2000.0,0.62,0.64,968553.0,678659.0,129193.0,1.78,2.54,13.344,0.122,0.174,0.913,2.065,2.947,15.481
CA- NAPA,477.0,70.0,723.0,0.57,0.41,273552.0,210334.0,55557.0,1.744,2.268,8.586,0.256,0.333,1.26,2.643,3.437,13.014
CA- ORANGE CO.,6193.0,701.0,7161.0,0.55,0.53,3419618.0,2580385.0,502821.0,1.811,2.4,12.317,0.205,0.272,1.394,2.094,2.775,14.242
CA- PALM SPR/RANCHO MIR.,744.0,69.0,994.0,0.61,0.66,684249.0,488697.0,88485.0,1.087,1.522,8.408,0.101,0.141,0.78,1.453,2.034,11.234
CA- REDDING,845.0,109.0,936.0,0.54,0.42,259231.0,199445.0,52250.0,3.26,4.237,16.172,0.42,0.547,2.086,3.611,4.693,17.914
CA- SACRAMENTO,4850.0,558.0,5253.0,0.67,0.62,2835644.0,2108294.0,438303.0,1.71,2.3,11.065,0.197,0.265,1.273,1.852,2.492,11.985
CA- SALINAS,691.0,47.0,729.0,0.59,0.5,381570.0,270671.0,51836.0,1.811,2.553,13.331,0.123,0.174,0.907,1.911,2.693,14.064
CA- SAN BERNARDINO,8067.0,650.0,8586.0,0.63,0.66,1776319.0,1267988.0,221597.0,4.541,6.362,36.404,0.366,0.513,2.933,4.834,6.771,38.746
CA- SAN DIEGO,7495.0,758.0,9462.0,0.65,0.55,4701305.0,3496113.0,664995.0,1.594,2.144,11.271,0.161,0.217,1.14,2.013,2.706,14.229
CA- SAN FRANCISCO,3799.0,461.0,5326.0,0.61,0.59,1112917.0,921477.0,186579.0,3.414,4.123,20.361,0.414,0.5,2.471,4.786,5.78,28.546
CA- SAN JOSE,2837.0,277.0,3275.0,0.52,0.56,1906062.0,1442171.0,257814.0,1.488,1.967,11.004,0.145,0.192,1.074,1.718,2.271,12.703
CA- SAN LUIS OBISPO,1619.0,54.0,1649.0,0.44,0.32,219320.0,167627.0,41161.0,7.382,9.658,39.333,0.246,0.322,1.312,7.519,9.837,40.062
CA- SAN MATEO CO.,3384.0,190.0,4368.0,0.57,0.41,767906.0,594677.0,122924.0,4.407,5.69,27.529,0.247,0.32,1.546,5.688,7.345,35.534
CA- SANTA BARBARA,713.0,82.0,1055.0,0.62,0.62,164962.0,121263.0,25734.0,4.322,5.88,27.707,0.497,0.676,3.186,6.395,8.7,40.996
CA- SANTA CRUZ,354.0,22.0,374.0,0.55,0.83,251934.0,190854.0,41107.0,1.405,1.855,8.612,0.087,0.115,0.535,1.485,1.96,9.098
CA- SANTA ROSA,824.0,82.0,1922.0,0.58,0.56,576711.0,449291.0,115852.0,1.429,1.834,7.113,0.142,0.183,0.708,3.333,4.278,16.59
CA- STOCKTON,1177.0,121.0,1216.0,0.58,0.65,556517.0,393958.0,76167.0,2.115,2.988,15.453,0.217,0.307,1.589,2.185,3.087,15.965
CA- VENTURA,1388.0,163.0,1643.0,0.54,0.58,522129.0,390490.0,79155.0,2.658,3.555,17.535,0.312,0.417,2.059,3.147,4.208,20.757
CO- BOULDER,665.0,66.0,805.0,0.58,0.58,329726.0,251600.0,47015.0,2.017,2.643,14.144,0.2,0.262,1.404,2.441,3.2,17.122
CO- COLORADO SPRINGS,1608.0,103.0,2013.0,0.6,0.58,955196.0,708133.0,138403.0,1.683,2.271,11.618,0.108,0.145,0.744,2.107,2.843,14.544
CO- DENVER,5695.0,742.0,7564.0,0.62,0.63,3081317.0,2327254.0,413638.0,1.848,2.447,13.768,0.241,0.319,1.794,2.455,3.25,18.287
CO- FORT COLLINS,554.0,31.0,653.0,0.51,0.55,444557.0,339558.0,69041.0,1.246,1.632,8.024,0.07,0.091,0.449,1.469,1.923,9.458
CO- GRAND JUNCTION,571.0,63.0,801.0,0.54,0.57,369569.0,280480.0,67548.0,1.545,2.036,8.453,0.17,0.225,0.933,2.167,2.856,11.858
CO- GREELEY,832.0,79.0,1005.0,0.54,0.67,461379.0,331893.0,60830.0,1.803,2.507,13.677,0.171,0.238,1.299,2.178,3.028,16.521
CO- PUEBLO,786.0,18.0,1272.0,0.82,0.65,190044.0,143460.0,36938.0,4.136,5.479,21.279,0.095,0.125,0.487,6.693,8.867,34.436
CT- BRIDGEPORT,1291.0,132.0,1291.0,0.67,0.52,498850.0,372883.0,79247.0,2.588,3.462,16.291,0.265,0.354,1.666,2.588,3.462,16.291
CT- HARTFORD,3240.0,295.0,3378.0,0.67,0.69,1611811.0,1245570.0,285812.0,2.01,2.601,11.336,0.183,0.237,1.032,2.096,2.712,11.819
CT- NEW HAVEN,3093.0,257.0,3733.0,0.69,0.65,1629583.0,1245295.0,279403.0,1.898,2.484,11.07,0.158,0.206,0.92,2.291,2.998,13.361
DC- WASHINGTON,6103.0,586.0,7760.0,0.75,0.64,3022353.0,2288632.0,431256.0,2.019,2.667,14.152,0.194,0.256,1.359,2.568,3.391,17.994
DE- WILMINGTON,3414.0,247.0,3798.0,0.69,0.72,770166.0,580548.0,123137.0,4.433,5.881,27.725,0.321,0.425,2.006,4.931,6.542,30.844
FL- BRADENTON,750.0,69.0,895.0,0.85,0.86,355753.0,284449.0,97540.0,2.108,2.637,7.689,0.194,0.243,0.707,2.516,3.146,9.176
FL- CLEARWATER,1486.0,164.0,1771.0,0.79,0.87,509326.0,418209.0,126184.0,2.918,3.553,11.776,0.322,0.392,1.3,3.477,4.235,14.035
FL- FORT LAUDERDALE,8100.0,770.0,10577.0,0.69,0.76,1466231.0,1150252.0,331292.0,5.524,7.042,24.45,0.525,0.669,2.324,7.214,9.195,31.927
FL- FORT MYERS,3445.0,279.0,4526.0,0.77,0.74,1328974.0,1079981.0,410459.0,2.592,3.19,8.393,0.21,0.258,0.68,3.406,4.191,11.027
FL- GAINESVILLE,2049.0,335.0,2944.0,0.82,0.93,649855.0,498110.0,112891.0,3.153,4.114,18.15,0.515,0.673,2.967,4.53,5.91,26.078
FL- HUDSON,1522.0,166.0,1665.0,0.74,0.9,331273.0,260835.0,83115.0,4.594,5.835,18.312,0.501,0.636,1.997,5.026,6.383,20.032
FL- JACKSONVILLE,5553.0,524.0,6278.0,0.72,0.74,1663630.0,1251313.0,266193.0,3.338,4.438,20.861,0.315,0.419,1.968,3.774,5.017,23.584
FL- LAKELAND,999.0,89.0,1083.0,0.89,0.87,620741.0,467244.0,110208.0,1.609,2.138,9.065,0.143,0.19,0.808,1.745,2.318,9.827
FL- MIAMI,11037.0,1212.0,13712.0,0.79,0.86,1087107.0,840184.0,177676.0,10.153,13.136,62.119,1.115,1.443,6.821,12.613,16.32,77.174
FL- OCALA,1574.0,173.0,1683.0,0.8,0.87,500505.0,407894.0,163499.0,3.145,3.859,9.627,0.346,0.424,1.058,3.363,4.126,10.294
FL- ORLANDO,11215.0,1095.0,14483.0,0.76,0.78,4135568.0,3187157.0,794210.0,2.712,3.519,14.121,0.265,0.344,1.379,3.502,4.544,18.236
FL- ORMOND BEACH,1301.0,186.0,1838.0,0.75,0.69,362384.0,291164.0,95409.0,3.59,4.468,13.636,0.513,0.639,1.95,5.072,6.313,19.264
FL- PANAMA CITY,648.0,54.0,840.0,0.76,1.0,219551.0,170021.0,38967.0,2.951,3.811,16.629,0.246,0.318,1.386,3.826,4.941,21.557
FL- PENSACOLA,2587.0,264.0,2704.0,0.65,0.76,784194.0,595932.0,133947.0,3.299,4.341,19.314,0.337,0.443,1.971,3.448,4.537,20.187
FL- SARASOTA,1285.0,116.0,1677.0,0.81,0.68,322642.0,268784.0,111472.0,3.983,4.781,11.528,0.36,0.432,1.041,5.198,6.239,15.044
FL- ST PETERSBURG,1481.0,143.0,2354.0,0.75,0.83,339769.0,278990.0,84183.0,4.359,5.308,17.593,0.421,0.513,1.699,6.928,8.438,27.963
FL- TALLAHASSEE,2992.0,199.0,3940.0,0.74,0.8,845917.0,631904.0,129923.0,3.537,4.735,23.029,0.235,0.315,1.532,4.658,6.235,30.326
FL- TAMPA,4300.0,369.0,5184.0,0.83,0.89,1526660.0,1153821.0,249929.0,2.817,3.727,17.205,0.242,0.32,1.476,3.396,4.493,20.742
GA- ALBANY,513.0,50.0,1065.0,0.59,,213665.0,155906.0,34226.0,2.401,3.29,14.989,0.234,0.321,1.461,4.984,6.831,31.117
GA- ATLANTA,12794.0,1668.0,15530.0,0.73,0.7,6981803.0,5113269.0,913843.0,1.832,2.502,14.0,0.239,0.326,1.825,2.224,3.037,16.994
GA- AUGUSTA,2921.0,448.0,3824.0,0.62,0.73,692037.0,515972.0,113172.0,4.221,5.661,25.81,0.647,0.868,3.959,5.526,7.411,33.789
GA- COLUMBUS,981.0,69.0,1657.0,0.6,0.54,337035.0,248458.0,48260.0,2.911,3.948,20.327,0.205,0.278,1.43,4.916,6.669,34.335
GA- MACON,1939.0,240.0,2820.0,0.63,0.77,734005.0,546103.0,120095.0,2.642,3.551,16.146,0.327,0.439,1.998,3.842,5.164,23.481
GA- ROME,589.0,74.0,738.0,0.71,0.78,316367.0,234028.0,52264.0,1.862,2.517,11.27,0.234,0.316,1.416,2.333,3.153,14.121
GA- SAVANNAH,2185.0,163.0,2666.0,0.67,0.68,890647.0,662826.0,145750.0,2.453,3.296,14.991,0.183,0.246,1.118,2.993,4.022,18.292
IA- CEDAR RAPIDS,570.0,44.0,1140.0,0.51,0.53,326059.0,242634.0,54255.0,1.748,2.349,10.506,0.135,0.181,0.811,3.496,4.698,21.012
IA- DAVENPORT,1202.0,119.0,2251.0,0.42,0.56,465178.0,348275.0,86683.0,2.584,3.451,13.867,0.256,0.342,1.373,4.839,6.463,25.968
IA- DES MOINES,2372.0,173.0,3392.0,0.56,0.55,1174221.0,859726.0,183136.0,2.02,2.759,12.952,0.147,0.201,0.945,2.889,3.945,18.522
IA- DUBUQUE,332.0,18.0,555.0,0.45,0.53,153492.0,114691.0,29477.0,2.163,2.895,11.263,0.117,0.157,0.611,3.616,4.839,18.828
IA- IOWA CITY,1319.0,121.0,2021.0,0.57,0.7,383785.0,288070.0,63476.0,3.437,4.579,20.78,0.315,0.42,1.906,5.266,7.016,31.839
IA- MASON CITY,375.0,18.0,780.0,0.43,0.68,130405.0,98744.0,28556.0,2.876,3.798,13.132,0.138,0.182,0.63,5.981,7.899,27.315
IA- SIOUX CITY,640.0,39.0,1188.0,0.51,0.66,248649.0,177170.0,41854.0,2.574,3.612,15.291,0.157,0.22,0.932,4.778,6.705,28.384
IA- WATERLOO,496.0,29.0,950.0,0.37,0.43,209855.0,156412.0,37267.0,2.364,3.171,13.309,0.138,0.185,0.778,4.527,6.074,25.492
ID- BOISE,1782.0,176.0,2103.0,0.56,0.49,836992.0,600875.0,130212.0,2.129,2.966,13.685,0.21,0.293,1.352,2.513,3.5,16.151
ID- IDAHO FALLS,492.0,44.0,581.0,0.56,0.45,245710.0,164168.0,30864.0,2.002,2.997,15.941,0.179,0.268,1.426,2.365,3.539,18.825
IL- AURORA,405.0,42.0,527.0,0.48,0.63,251395.0,180290.0,32880.0,1.611,2.246,12.318,0.167,0.233,1.277,2.096,2.923,16.028
IL- BLOOMINGTON,385.0,35.0,412.0,0.47,0.71,189443.0,140370.0,27063.0,2.032,2.743,14.226,0.185,0.249,1.293,2.175,2.935,15.224
IL- BLUE ISLAND,2296.0,285.0,2772.0,0.63,0.6,1516685.0,1147455.0,220678.0,1.514,2.001,10.404,0.188,0.248,1.291,1.828,2.416,12.561
IL- CHICAGO,7806.0,885.0,10903.0,0.6,0.63,1093573.0,829383.0,160074.0,7.138,9.412,48.765,0.809,1.067,5.529,9.97,13.146,68.112
IL- ELGIN,1476.0,142.0,1516.0,0.65,0.48,1052010.0,781810.0,151616.0,1.403,1.888,9.735,0.135,0.182,0.937,1.441,1.939,9.999
IL- EVANSTON,2075.0,220.0,2798.0,0.67,0.49,1116225.0,843686.0,162987.0,1.859,2.459,12.731,0.197,0.261,1.35,2.507,3.316,17.167
IL- HINSDALE,1063.0,172.0,1205.0,0.75,0.5,381985.0,285023.0,57857.0,2.783,3.73,18.373,0.45,0.603,2.973,3.155,4.228,20.827
IL- JOLIET,1189.0,149.0,1374.0,0.53,0.62,939312.0,685554.0,129257.0,1.266,1.734,9.199,0.159,0.217,1.153,1.463,2.004,10.63
IL- MELROSE PARK,3086.0,330.0,4334.0,0.59,0.59,1502159.0,1128496.0,222805.0,2.054,2.735,13.851,0.22,0.292,1.481,2.885,3.841,19.452
IL- PEORIA,1594.0,156.0,2078.0,0.55,0.54,584254.0,439562.0,109592.0,2.728,3.626,14.545,0.267,0.355,1.423,3.557,4.727,18.961
IL- ROCKFORD,1418.0,139.0,1675.0,0.52,0.51,899070.0,669629.0,152455.0,1.577,2.118,9.301,0.155,0.208,0.912,1.863,2.501,10.987
IL- SPRINGFIELD,2115.0,213.0,2581.0,0.52,0.63,816871.0,620990.0,157530.0,2.589,3.406,13.426,0.261,0.343,1.352,3.16,4.156,16.384
IL- URBANA,981.0,74.0,1355.0,0.58,0.46,464346.0,347945.0,74520.0,2.113,2.819,13.164,0.159,0.213,0.993,2.918,3.894,18.183
IN- EVANSVILLE,1972.0,273.0,2406.0,0.5,0.57,684905.0,514246.0,123672.0,2.879,3.835,15.945,0.399,0.531,2.207,3.513,4.679,19.455
IN- FORT WAYNE,2055.0,225.0,2259.0,0.57,0.61,890799.0,646267.0,145027.0,2.307,3.18,14.17,0.253,0.348,1.551,2.536,3.495,15.576
IN- GARY,1326.0,130.0,1381.0,0.54,0.53,641074.0,478500.0,107303.0,2.068,2.771,12.358,0.203,0.272,1.212,2.154,2.886,12.87
IN- INDIANAPOLIS,7774.0,796.0,8171.0,0.58,0.63,3008734.0,2219181.0,450892.0,2.584,3.503,17.241,0.265,0.359,1.765,2.716,3.682,18.122
IN- LAFAYETTE,518.0,34.0,820.0,0.62,0.58,281255.0,206728.0,38978.0,1.842,2.506,13.29,0.121,0.164,0.872,2.916,3.967,21.038
IN- MUNCIE,392.0,36.0,408.0,0.64,0.76,162957.0,123533.0,29394.0,2.406,3.173,13.336,0.221,0.291,1.225,2.504,3.303,13.88
IN- MUNSTER,1075.0,105.0,1075.0,0.52,0.59,215695.0,162020.0,33334.0,4.984,6.635,32.249,0.487,0.648,3.15,4.984,6.635,32.249
IN- SOUTH BEND,1352.0,140.0,1604.0,0.61,0.54,722594.0,526021.0,118441.0,1.871,2.57,11.415,0.194,0.266,1.182,2.22,3.049,13.543
IN- TERRE HAUTE,463.0,64.0,499.0,0.51,0.4,187349.0,142432.0,32748.0,2.471,3.251,14.138,0.342,0.449,1.954,2.663,3.503,15.238
KS- TOPEKA,1149.0,72.0,1608.0,0.47,0.56,471703.0,347215.0,75281.0,2.436,3.309,15.263,0.153,0.207,0.956,3.409,4.631,21.36
KS- WICHITA,4068.0,397.0,6470.0,0.47,0.61,1277764.0,925744.0,214924.0,3.184,4.394,18.928,0.311,0.429,1.847,5.064,6.989,30.104
KY- COVINGTON,1273.0,139.0,1521.0,0.74,0.58,431020.0,317411.0,62277.0,2.953,4.011,20.441,0.322,0.438,2.232,3.529,4.792,24.423
KY- LEXINGTON,4880.0,569.0,6112.0,0.58,0.69,1550894.0,1166413.0,252906.0,3.147,4.184,19.296,0.367,0.488,2.25,3.941,5.24,24.167
KY- LOUISVILLE,5487.0,501.0,8554.0,0.61,0.69,1794424.0,1345705.0,291970.0,3.058,4.077,18.793,0.279,0.372,1.716,4.767,6.357,29.298
KY- OWENSBORO,452.0,36.0,552.0,0.41,0.6,149363.0,109688.0,25917.0,3.026,4.121,17.44,0.241,0.328,1.389,3.696,5.032,21.299
KY- PADUCAH,1147.0,98.0,1743.0,0.41,0.47,369119.0,281257.0,73149.0,3.107,4.078,15.68,0.265,0.348,1.34,4.722,6.197,23.828
LA- ALEXANDRIA,1404.0,43.0,1510.0,0.58,0.54,297573.0,218958.0,47308.0,4.718,6.412,29.678,0.145,0.196,0.909,5.074,6.896,31.918
LA- BATON ROUGE,2985.0,202.0,3551.0,0.59,0.53,960368.0,707054.0,136547.0,3.108,4.222,21.861,0.21,0.286,1.479,3.698,5.022,26.006
LA- HOUMA,632.0,57.0,957.0,0.38,0.47,267620.0,197464.0,41244.0,2.362,3.201,15.323,0.213,0.289,1.382,3.576,4.846,23.203
LA- LAFAYETTE,2223.0,157.0,2776.0,0.53,0.49,602438.0,438623.0,87903.0,3.69,5.068,25.289,0.261,0.358,1.786,4.608,6.329,31.58
LA- LAKE CHARLES,740.0,64.0,1119.0,0.43,0.39,298893.0,217999.0,44872.0,2.476,3.395,16.491,0.214,0.294,1.426,3.744,5.133,24.938
LA- METAIRIE,1118.0,94.0,1560.0,0.6,0.6,236192.0,174708.0,39466.0,4.733,6.399,28.328,0.398,0.538,2.382,6.605,8.929,39.528
LA- MONROE,1099.0,102.0,1428.0,0.53,0.64,264991.0,193612.0,43226.0,4.147,5.676,25.425,0.385,0.527,2.36,5.389,7.376,33.036
LA- NEW ORLEANS,2938.0,285.0,3832.0,0.59,0.79,562630.0,427593.0,86546.0,5.222,6.871,33.947,0.507,0.667,3.293,6.811,8.962,44.277
LA- SHREVEPORT,3201.0,214.0,3906.0,0.56,0.59,674327.0,497918.0,114335.0,4.747,6.429,27.997,0.317,0.43,1.872,5.792,7.845,34.163
LA- SLIDELL,683.0,195.0,767.0,0.35,0.49,157870.0,118130.0,28350.0,4.326,5.782,24.092,1.235,1.651,6.878,4.858,6.493,27.055
MA- BOSTON,15009.0,1138.0,19427.0,0.72,0.66,4815088.0,3726256.0,791171.0,3.117,4.028,18.971,0.236,0.305,1.438,4.035,5.214,24.555
MA- SPRINGFIELD,1637.0,140.0,2074.0,0.66,0.63,752883.0,577848.0,134575.0,2.174,2.833,12.164,0.186,0.242,1.04,2.755,3.589,15.411
MA- WORCESTER,1970.0,169.0,2480.0,0.76,0.75,936497.0,714540.0,147383.0,2.104,2.757,13.367,0.18,0.237,1.147,2.648,3.471,16.827
MD- BALTIMORE,8104.0,705.0,8346.0,0.72,0.64,2447518.0,1854273.0,389453.0,3.311,4.37,20.809,0.288,0.38,1.81,3.41,4.501,21.43
MD- SALISBURY,842.0,59.0,1459.0,0.64,0.55,482963.0,374058.0,111086.0,1.743,2.251,7.58,0.122,0.158,0.531,3.021,3.9,13.134
MD- TAKOMA PARK,1446.0,184.0,1892.0,0.68,0.68,749474.0,559399.0,108336.0,1.929,2.585,13.347,0.246,0.329,1.698,2.524,3.382,17.464
ME- BANGOR,1020.0,77.0,1302.0,0.63,0.74,232128.0,183919.0,49855.0,4.394,5.546,20.459,0.332,0.419,1.544,5.609,7.079,26.116
ME- PORTLAND,2260.0,198.0,2860.0,0.63,0.61,1056921.0,830020.0,207443.0,2.138,2.723,10.895,0.187,0.239,0.954,2.706,3.446,13.787
MI- ANN ARBOR,2828.0,218.0,3405.0,0.69,0.64,1663121.0,1250026.0,261679.0,1.7,2.262,10.807,0.131,0.174,0.833,2.047,2.724,13.012
MI- DEARBORN,1527.0,172.0,1963.0,0.63,0.53,571714.0,423540.0,88322.0,2.671,3.605,17.289,0.301,0.406,1.947,3.434,4.635,22.225
MI- DETROIT,4782.0,624.0,5291.0,0.64,0.72,1423332.0,1082176.0,238446.0,3.36,4.419,20.055,0.438,0.577,2.617,3.717,4.889,22.19
MI- FLINT,1230.0,161.0,1334.0,0.66,0.7,675013.0,511647.0,118045.0,1.822,2.404,10.42,0.239,0.315,1.364,1.976,2.607,11.301
MI- GRAND RAPIDS,2234.0,218.0,2629.0,0.67,0.62,1272580.0,936691.0,193944.0,1.755,2.385,11.519,0.171,0.233,1.124,2.066,2.807,13.555
MI- KALAMAZOO,1329.0,139.0,1502.0,0.51,0.75,693277.0,517714.0,117361.0,1.917,2.567,11.324,0.2,0.268,1.184,2.167,2.901,12.798
MI- LANSING,1265.0,240.0,1492.0,0.55,0.53,716144.0,541273.0,114863.0,1.766,2.337,11.013,0.335,0.443,2.089,2.083,2.756,12.989
MI- MARQUETTE,471.0,47.0,471.0,0.36,0.62,206053.0,161315.0,45067.0,2.286,2.92,10.451,0.228,0.291,1.043,2.286,2.92,10.451
MI- MUSKEGON,512.0,57.0,708.0,0.45,0.29,263471.0,196047.0,46129.0,1.943,2.612,11.099,0.216,0.291,1.236,2.687,3.611,15.348
MI- PETOSKEY,322.0,68.0,370.0,0.47,0.69,164018.0,130477.0,39085.0,1.963,2.468,8.238,0.415,0.521,1.74,2.256,2.836,9.467
MI- PONTIAC,709.0,95.0,1280.0,0.53,0.48,650798.0,500007.0,109331.0,1.089,1.418,6.485,0.146,0.19,0.869,1.967,2.56,11.708
MI- ROYAL OAK,2485.0,324.0,2850.0,0.71,0.67,423201.0,325159.0,71183.0,5.872,7.642,34.91,0.766,0.996,4.552,6.734,8.765,40.038
MI- SAGINAW,1902.0,202.0,2409.0,0.51,0.74,594046.0,461767.0,129567.0,3.202,4.119,14.68,0.34,0.437,1.559,4.055,5.217,18.593
MI- ST JOSEPH,339.0,20.0,540.0,0.42,0.56,128225.0,96752.0,24674.0,2.644,3.504,13.739,0.156,0.207,0.811,4.211,5.581,21.885
MI- TRAVERSE CITY,511.0,26.0,557.0,0.55,0.73,235505.0,186387.0,55940.0,2.17,2.742,9.135,0.11,0.139,0.465,2.365,2.988,9.957
MN- DULUTH,921.0,189.0,1202.0,0.58,0.69,284875.0,221742.0,58334.0,3.233,4.153,15.788,0.663,0.852,3.24,4.219,5.421,20.605
MN- MINNEAPOLIS,6397.0,619.0,10082.0,0.6,0.64,3348502.0,2497770.0,519418.0,1.91,2.561,12.316,0.185,0.248,1.192,3.011,4.036,19.41
MN- ROCHESTER,1696.0,258.0,3470.0,0.59,0.62,472117.0,349843.0,83519.0,3.592,4.848,20.307,0.546,0.737,3.089,7.35,9.919,41.547
MN- ST CLOUD,596.0,45.0,701.0,0.63,0.64,294290.0,213893.0,44798.0,2.025,2.786,13.304,0.153,0.21,1.005,2.382,3.277,15.648
MN- ST PAUL,1680.0,179.0,2369.0,0.7,0.72,1177959.0,868939.0,172942.0,1.426,1.933,9.714,0.152,0.206,1.035,2.011,2.726,13.698
MO- CAPE GIRARDEAU,776.0,54.0,1017.0,0.47,0.45,265986.0,200446.0,48103.0,2.917,3.871,16.132,0.203,0.269,1.123,3.824,5.074,21.142
MO- COLUMBIA,2007.0,199.0,2314.0,0.51,0.62,714141.0,537218.0,124628.0,2.81,3.736,16.104,0.279,0.37,1.597,3.24,4.307,18.567
MO- JOPLIN,1129.0,124.0,1367.0,0.49,0.43,376461.0,276613.0,67322.0,2.999,4.082,16.77,0.329,0.448,1.842,3.631,4.942,20.305
MO- KANSAS CITY,7450.0,947.0,10212.0,0.64,0.7,2585136.0,1909704.0,392351.0,2.882,3.901,18.988,0.366,0.496,2.414,3.95,5.347,26.028
MO- SPRINGFIELD,2754.0,300.0,3396.0,0.66,0.69,901355.0,679198.0,176246.0,3.055,4.055,15.626,0.333,0.442,1.702,3.768,5.0,19.269
MO- ST LOUIS,11171.0,1024.0,15029.0,0.59,0.5,3396786.0,2565699.0,571297.0,3.289,4.354,19.554,0.301,0.399,1.792,4.424,5.858,26.307
MS- GULFPORT,640.0,57.0,867.0,0.57,0.48,210512.0,154687.0,31915.0,3.04,4.137,20.053,0.271,0.368,1.786,4.119,5.605,27.166
MS- HATTIESBURG,1035.0,85.0,1297.0,0.6,0.66,326287.0,239345.0,51716.0,3.172,4.324,20.013,0.261,0.355,1.644,3.975,5.419,25.079
MS- JACKSON,4163.0,328.0,6461.0,0.51,0.69,1059857.0,778985.0,168237.0,3.928,5.344,24.745,0.309,0.421,1.95,6.096,8.294,38.404
MS- MERIDIAN,863.0,51.0,1214.0,0.43,0.66,188632.0,138715.0,33721.0,4.575,6.221,25.592,0.27,0.368,1.512,6.436,8.752,36.001
MS- OXFORD,362.0,29.0,638.0,0.51,0.49,153054.0,113803.0,24132.0,2.365,3.181,15.001,0.189,0.255,1.202,4.168,5.606,26.438
MS- TUPELO,1222.0,104.0,1669.0,0.49,0.45,403736.0,297962.0,65153.0,3.027,4.101,18.756,0.258,0.349,1.596,4.134,5.601,25.617
MT- BILLINGS,1557.0,98.0,1725.0,0.57,0.66,581994.0,435850.0,101149.0,2.675,3.572,15.393,0.168,0.225,0.969,2.964,3.958,17.054
MT- GREAT FALLS,543.0,26.0,882.0,0.37,0.59,198719.0,147535.0,36171.0,2.733,3.68,15.012,0.131,0.176,0.719,4.438,5.978,24.384
MT- MISSOULA,985.0,70.0,1288.0,0.63,0.51,406454.0,316203.0,83875.0,2.423,3.115,11.744,0.172,0.221,0.835,3.169,4.073,15.356
NC- ASHEVILLE,1419.0,232.0,1998.0,0.65,0.7,729568.0,577764.0,165527.0,1.945,2.456,8.573,0.318,0.402,1.402,2.739,3.458,12.071
NC- CHARLOTTE,5039.0,452.0,6689.0,0.67,0.66,2729642.0,2021305.0,386495.0,1.846,2.493,13.038,0.166,0.224,1.169,2.451,3.309,17.307
NC- DURHAM,3935.0,373.0,4979.0,0.72,0.63,1465321.0,1103823.0,252094.0,2.685,3.565,15.609,0.255,0.338,1.48,3.398,4.511,19.751
NC- GREENSBORO,1145.0,141.0,1972.0,0.6,0.67,757014.0,567448.0,127886.0,1.513,2.018,8.953,0.186,0.248,1.103,2.605,3.475,15.42
NC- GREENVILLE,2984.0,231.0,3458.0,0.43,0.66,832429.0,627006.0,142754.0,3.585,4.759,20.903,0.278,0.368,1.618,4.154,5.515,24.223
NC- HICKORY,536.0,64.0,748.0,0.46,0.6,278847.0,213264.0,52106.0,1.922,2.513,10.287,0.23,0.3,1.228,2.682,3.507,14.355
NC- RALEIGH,4013.0,375.0,4747.0,0.67,0.57,2273773.0,1666929.0,304037.0,1.765,2.407,13.199,0.165,0.225,1.233,2.088,2.848,15.613
NC- WILMINGTON,952.0,90.0,1206.0,0.7,0.85,511935.0,403182.0,111082.0,1.86,2.361,8.57,0.176,0.223,0.81,2.356,2.991,10.857
NC- WINSTON-SALEM,4044.0,423.0,4722.0,0.66,0.78,1151087.0,871421.0,209618.0,3.513,4.641,19.292,0.367,0.485,2.018,4.102,5.419,22.527
ND- BISMARCK,702.0,80.0,866.0,0.51,0.55,237866.0,174853.0,40986.0,2.951,4.015,17.128,0.336,0.458,1.952,3.641,4.953,21.129
ND- FARGO MOORHEAD -MN,1737.0,140.0,2416.0,0.55,0.73,553279.0,409517.0,94760.0,3.139,4.242,18.331,0.253,0.342,1.477,4.367,5.9,25.496
ND- GRAND FORKS,654.0,31.0,929.0,0.41,0.45,160973.0,119020.0,26645.0,4.063,5.495,24.545,0.193,0.26,1.163,5.771,7.805,34.866
ND- MINOT,358.0,19.0,622.0,0.53,0.53,153851.0,110784.0,21209.0,2.327,3.232,16.88,0.123,0.172,0.896,4.043,5.615,29.327
NE- LINCOLN,1881.0,116.0,2312.0,0.52,0.69,613847.0,452175.0,103689.0,3.064,4.16,18.141,0.189,0.257,1.119,3.766,5.113,22.297
NE- OMAHA,4022.0,400.0,6428.0,0.53,0.6,1372181.0,992042.0,211226.0,2.931,4.054,19.041,0.292,0.403,1.894,4.685,6.48,30.432
NH- LEBANON,967.0,105.0,1340.0,0.68,0.49,404994.0,320407.0,86518.0,2.388,3.018,11.177,0.259,0.328,1.214,3.309,4.182,15.488
NH- MANCHESTER,1670.0,137.0,2251.0,0.66,0.6,931498.0,728205.0,164721.0,1.793,2.293,10.138,0.147,0.188,0.832,2.417,3.091,13.666
NJ- CAMDEN,8842.0,767.0,10803.0,0.67,0.59,2718159.0,2058690.0,491281.0,3.253,4.295,17.998,0.282,0.373,1.561,3.974,5.248,21.989
NJ- HACKENSACK,2325.0,165.0,3984.0,0.7,0.44,1014640.0,763250.0,159110.0,2.291,3.046,14.613,0.163,0.216,1.037,3.927,5.22,25.039
NJ- MORRISTOWN,2773.0,147.0,3260.0,0.71,0.64,1247403.0,945045.0,201161.0,2.223,2.934,13.785,0.118,0.156,0.731,2.613,3.45,16.206
NJ- NEW BRUNSWICK,2436.0,213.0,3463.0,0.7,0.53,1101884.0,831787.0,166889.0,2.211,2.929,14.597,0.193,0.256,1.276,3.143,4.163,20.75
NJ- NEWARK,3622.0,361.0,5837.0,0.72,0.51,1402861.0,1052767.0,186595.0,2.582,3.44,19.411,0.257,0.343,1.935,4.161,5.544,31.282
NJ- PATERSON,853.0,84.0,1205.0,0.72,0.88,485928.0,358470.0,72165.0,1.755,2.38,11.82,0.173,0.234,1.164,2.48,3.362,16.698
NJ- RIDGEWOOD,1053.0,83.0,1136.0,0.76,0.68,597515.0,441564.0,96390.0,1.762,2.385,10.924,0.139,0.188,0.861,1.901,2.573,11.785
NM- ALBUQUERQUE,3818.0,256.0,4578.0,0.59,0.56,1680896.0,1263490.0,303176.0,2.271,3.022,12.593,0.152,0.203,0.844,2.724,3.623,15.1
NV- LAS VEGAS,6129.0,597.0,7138.0,0.69,0.84,2959181.0,2184568.0,420699.0,2.071,2.806,14.569,0.202,0.273,1.419,2.412,3.267,16.967
NV- RENO,1869.0,367.0,2770.0,0.61,0.7,884120.0,680067.0,168325.0,2.114,2.748,11.104,0.415,0.54,2.18,3.133,4.073,16.456
NY- ALBANY,4406.0,378.0,5331.0,0.67,0.56,1734493.0,1353214.0,326419.0,2.54,3.256,13.498,0.218,0.279,1.158,3.074,3.94,16.332
NY- BINGHAMTON,828.0,54.0,1193.0,0.57,0.68,336911.0,260068.0,67682.0,2.458,3.184,12.234,0.16,0.208,0.798,3.541,4.587,17.627
NY- BRONX,3476.0,282.0,5137.0,0.82,0.6,1239482.0,921547.0,167199.0,2.804,3.772,20.79,0.228,0.306,1.687,4.144,5.574,30.724
NY- BUFFALO,3530.0,326.0,4725.0,0.65,0.69,1331854.0,1026875.0,243414.0,2.65,3.438,14.502,0.245,0.317,1.339,3.548,4.601,19.411
NY- EAST LONG ISLAND,9900.0,823.0,12188.0,0.8,0.76,4040528.0,3110355.0,670747.0,2.45,3.183,14.76,0.204,0.265,1.227,3.016,3.919,18.171
NY- ELMIRA,1098.0,69.0,1431.0,0.67,0.79,281200.0,215097.0,54825.0,3.905,5.105,20.027,0.245,0.321,1.259,5.089,6.653,26.101
NY- NEW YORK,14357.0,1357.0,19395.0,0.77,0.58,3939799.0,3040448.0,583528.0,3.644,4.722,24.604,0.344,0.446,2.326,4.923,6.379,33.237
NY- ROCHESTER,2698.0,257.0,3218.0,0.8,0.7,1283108.0,981036.0,227932.0,2.103,2.75,11.837,0.2,0.262,1.128,2.508,3.28,14.118
NY- SYRACUSE,2701.0,228.0,3325.0,0.58,0.69,1065512.0,804544.0,181666.0,2.535,3.357,14.868,0.214,0.283,1.255,3.121,4.133,18.303
NY- WHITE PLAINS,3056.0,243.0,4274.0,0.75,0.43,1119097.0,837705.0,184878.0,2.731,3.648,16.53,0.217,0.29,1.314,3.819,5.102,23.118
OH- AKRON,1980.0,233.0,3069.0,0.59,0.56,670098.0,512887.0,118266.0,2.955,3.86,16.742,0.348,0.454,1.97,4.58,5.984,25.95
OH- CANTON,1163.0,184.0,2130.0,0.53,0.56,682890.0,511835.0,129336.0,1.703,2.272,8.992,0.269,0.359,1.423,3.119,4.161,16.469
OH- CINCINNATI,4847.0,444.0,6629.0,0.68,0.66,1729702.0,1280294.0,270878.0,2.802,3.786,17.894,0.257,0.347,1.639,3.832,5.178,24.472
OH- CLEVELAND,7371.0,795.0,10392.0,0.65,0.72,2111012.0,1617455.0,391933.0,3.492,4.557,18.807,0.377,0.492,2.028,4.923,6.425,26.515
OH- COLUMBUS,8413.0,878.0,10523.0,0.62,0.65,3228068.0,2402550.0,487589.0,2.606,3.502,17.254,0.272,0.365,1.801,3.26,4.38,21.582
OH- DAYTON,3027.0,375.0,4532.0,0.55,0.67,1029631.0,768342.0,187162.0,2.94,3.94,16.173,0.364,0.488,2.004,4.402,5.898,24.214
OH- ELYRIA,457.0,63.0,626.0,0.55,0.66,164426.0,124054.0,30269.0,2.779,3.684,15.098,0.383,0.508,2.081,3.807,5.046,20.681
OH- KETTERING,855.0,113.0,1337.0,0.6,0.66,459590.0,342860.0,76153.0,1.86,2.494,11.227,0.246,0.33,1.484,2.909,3.9,17.557
OH- TOLEDO,2907.0,354.0,4676.0,0.53,0.66,957944.0,719485.0,164631.0,3.035,4.04,17.658,0.37,0.492,2.15,4.881,6.499,28.403
OH- YOUNGSTOWN,1731.0,187.0,3044.0,0.6,0.6,587282.0,455186.0,124164.0,2.947,3.803,13.941,0.318,0.411,1.506,5.183,6.687,24.516
OK- LAWTON,518.0,76.0,727.0,0.49,0.62,161427.0,118651.0,25258.0,3.209,4.366,20.508,0.471,0.641,3.009,4.504,6.127,28.783
OK- OKLAHOMA CITY,6242.0,535.0,8358.0,0.56,0.6,2014512.0,1464976.0,301736.0,3.099,4.261,20.687,0.266,0.365,1.773,4.149,5.705,27.7
OK- TULSA,4434.0,496.0,5569.0,0.58,0.68,1425267.0,1044872.0,229718.0,3.111,4.244,19.302,0.348,0.475,2.159,3.907,5.33,24.243
OR- BEND,344.0,38.0,395.0,0.63,0.55,287864.0,223235.0,60152.0,1.195,1.541,5.719,0.132,0.17,0.632,1.372,1.769,6.567
OR- EUGENE,1304.0,138.0,1509.0,0.65,0.53,603323.0,471424.0,125278.0,2.161,2.766,10.409,0.229,0.293,1.102,2.501,3.201,12.045
OR- MEDFORD,795.0,72.0,1021.0,0.57,0.68,373446.0,290455.0,87908.0,2.129,2.737,9.044,0.193,0.248,0.819,2.734,3.515,11.614
OR- PORTLAND,4982.0,541.0,6517.0,0.65,0.57,2796421.0,2127364.0,435815.0,1.782,2.342,11.431,0.193,0.254,1.241,2.33,3.063,14.954
OR- SALEM,1053.0,64.0,1096.0,0.79,0.83,300877.0,219881.0,48989.0,3.5,4.789,21.495,0.213,0.291,1.306,3.643,4.985,22.372
PA- ALLENTOWN,3260.0,335.0,3769.0,0.62,0.56,1478555.0,1130686.0,268036.0,2.205,2.883,12.163,0.227,0.296,1.25,2.549,3.333,14.062
PA- ALTOONA,631.0,61.0,747.0,0.58,0.58,336150.0,262565.0,68388.0,1.877,2.403,9.227,0.181,0.232,0.892,2.222,2.845,10.923
PA- DANVILLE,1842.0,134.0,2106.0,0.59,0.77,576349.0,446105.0,107224.0,3.196,4.129,17.179,0.232,0.3,1.25,3.654,4.721,19.641
PA- ERIE,2023.0,166.0,2592.0,0.52,0.61,731763.0,561038.0,145752.0,2.765,3.606,13.88,0.227,0.296,1.139,3.542,4.62,17.784
PA- HARRISBURG,2781.0,211.0,3695.0,0.69,0.78,1089892.0,826541.0,203085.0,2.552,3.365,13.694,0.194,0.255,1.039,3.39,4.47,18.194
PA- JOHNSTOWN,571.0,44.0,761.0,0.49,0.53,226768.0,179012.0,50565.0,2.518,3.19,11.292,0.194,0.246,0.87,3.356,4.251,15.05
PA- LANCASTER,1005.0,99.0,1402.0,0.6,0.58,783999.0,580598.0,136592.0,1.282,1.731,7.358,0.126,0.171,0.725,1.788,2.415,10.264
PA- PHILADELPHIA,13693.0,1335.0,16986.0,0.69,0.65,3829880.0,2900324.0,601584.0,3.575,4.721,22.762,0.349,0.46,2.219,4.435,5.857,28.235
PA- PITTSBURGH,9618.0,956.0,12925.0,0.57,0.62,2778951.0,2182198.0,561803.0,3.461,4.407,17.12,0.344,0.438,1.702,4.651,5.923,23.006
PA- READING,1542.0,109.0,1873.0,0.7,0.51,601910.0,454996.0,107411.0,2.562,3.389,14.356,0.181,0.24,1.015,3.112,4.117,17.438
PA- SAYRE,379.0,54.0,383.0,0.59,0.54,211312.0,162600.0,44007.0,1.794,2.331,8.612,0.256,0.332,1.227,1.812,2.355,8.703
PA- SCRANTON,874.0,65.0,1157.0,0.61,0.51,308575.0,240468.0,64806.0,2.832,3.635,13.486,0.211,0.27,1.003,3.749,4.811,17.853
PA- WILKES-BARRE,826.0,55.0,1046.0,0.65,0.78,225805.0,175539.0,44763.0,3.658,4.706,18.453,0.244,0.313,1.229,4.632,5.959,23.368
PA- YORK,808.0,70.0,994.0,0.71,0.91,431227.0,326202.0,76146.0,1.874,2.477,10.611,0.162,0.215,0.919,2.305,3.047,13.054
RI- PROVIDENCE,3248.0,305.0,4415.0,0.61,0.7,1245724.0,961075.0,211666.0,2.607,3.38,15.345,0.245,0.317,1.441,3.544,4.594,20.858
SC- CHARLESTON,2993.0,329.0,3543.0,0.64,0.64,1081216.0,829262.0,193555.0,2.768,3.609,15.463,0.304,0.397,1.7,3.277,4.272,18.305
SC- COLUMBIA,3866.0,380.0,4890.0,0.63,0.69,1277519.0,956398.0,209281.0,3.026,4.042,18.473,0.297,0.397,1.816,3.828,5.113,23.366
SC- FLORENCE,1407.0,140.0,1647.0,0.53,0.68,484370.0,370055.0,96151.0,2.905,3.802,14.633,0.289,0.378,1.456,3.4,4.451,17.129
SC- GREENVILLE,2268.0,226.0,2976.0,0.67,0.83,956045.0,717648.0,163886.0,2.372,3.16,13.839,0.236,0.315,1.379,3.113,4.147,18.159
SC- SPARTANBURG,830.0,85.0,1140.0,0.7,0.43,433828.0,324173.0,74365.0,1.913,2.56,11.161,0.196,0.262,1.143,2.628,3.517,15.33
SD- RAPID CITY,672.0,46.0,799.0,0.47,0.1,222942.0,167226.0,42022.0,3.014,4.019,15.992,0.206,0.275,1.095,3.584,4.778,19.014
SD- SIOUX FALLS,2594.0,103.0,3137.0,0.42,0.52,823357.0,597117.0,141035.0,3.151,4.344,18.393,0.125,0.172,0.73,3.81,5.254,22.243
TN- CHATTANOOGA,1962.0,233.0,2943.0,0.72,0.77,725772.0,554582.0,130528.0,2.703,3.538,15.031,0.321,0.42,1.785,4.055,5.307,22.547
TN- JACKSON,1302.0,131.0,1580.0,0.46,0.49,325622.0,244320.0,61107.0,3.999,5.329,21.307,0.402,0.536,2.144,4.852,6.467,25.856
TN- JOHNSON CITY,836.0,94.0,1037.0,0.62,0.58,277137.0,218321.0,53906.0,3.017,3.829,15.508,0.339,0.431,1.744,3.742,4.75,19.237
TN- KINGSPORT,1442.0,181.0,2245.0,0.55,0.61,458152.0,361040.0,99042.0,3.147,3.994,14.559,0.395,0.501,1.828,4.9,6.218,22.667
TN- KNOXVILLE,3665.0,463.0,4776.0,0.61,0.7,1441900.0,1108739.0,273585.0,2.542,3.306,13.396,0.321,0.418,1.692,3.312,4.308,17.457
TN- MEMPHIS,5529.0,430.0,8039.0,0.58,0.75,1769882.0,1294195.0,263657.0,3.124,4.272,20.97,0.243,0.332,1.631,4.542,6.212,30.49
TN- NASHVILLE,8036.0,1040.0,10502.0,0.61,0.76,3104223.0,2307447.0,451452.0,2.589,3.483,17.8,0.335,0.451,2.304,3.383,4.551,23.263
TX- ABILENE,996.0,83.0,1516.0,0.45,0.28,304546.0,225056.0,54226.0,3.27,4.426,18.368,0.273,0.369,1.531,4.978,6.736,27.957
TX- AMARILLO,1336.0,114.0,1694.0,0.43,0.59,450557.0,320484.0,65714.0,2.965,4.169,20.331,0.253,0.356,1.735,3.76,5.286,25.778
TX- AUSTIN,4528.0,463.0,5543.0,0.69,0.64,2011726.0,1501003.0,227368.0,2.251,3.017,19.915,0.23,0.308,2.036,2.755,3.693,24.379
TX- BEAUMONT,1764.0,133.0,2199.0,0.48,0.63,475859.0,350030.0,75239.0,3.707,5.04,23.445,0.279,0.38,1.768,4.621,6.282,29.227
TX- BRYAN,627.0,48.0,749.0,0.62,0.55,307147.0,226494.0,36296.0,2.041,2.768,17.275,0.156,0.212,1.322,2.439,3.307,20.636
TX- CORPUS CHRISTI,1651.0,215.0,2802.0,0.67,0.76,564814.0,409682.0,85102.0,2.923,4.03,19.4,0.381,0.525,2.526,4.961,6.839,32.925
TX- DALLAS,13926.0,1178.0,17703.0,0.63,0.65,5701273.0,4091258.0,669523.0,2.443,3.404,20.8,0.207,0.288,1.759,3.105,4.327,26.441
TX- EL PASO,2627.0,299.0,3530.0,0.63,0.7,1121124.0,791882.0,152101.0,2.343,3.317,17.271,0.267,0.378,1.966,3.149,4.458,23.208
TX- FORT WORTH,5610.0,478.0,7157.0,0.67,0.63,2425731.0,1731992.0,298535.0,2.313,3.239,18.792,0.197,0.276,1.601,2.95,4.132,23.974
TX- HARLINGEN,1391.0,112.0,1677.0,0.57,0.64,601635.0,397182.0,77525.0,2.312,3.502,17.943,0.186,0.282,1.445,2.787,4.222,21.632
TX- HOUSTON,18301.0,1626.0,24271.0,0.64,0.63,7498059.0,5334225.0,874010.0,2.441,3.431,20.939,0.217,0.305,1.86,3.237,4.55,27.77
TX- LONGVIEW,684.0,57.0,841.0,0.5,0.52,225231.0,163867.0,38407.0,3.037,4.174,17.809,0.253,0.348,1.484,3.734,5.132,21.897
TX- LUBBOCK,2458.0,318.0,2903.0,0.5,0.76,741821.0,524575.0,97288.0,3.313,4.686,25.265,0.429,0.606,3.269,3.913,5.534,29.839
TX- MCALLEN,1886.0,255.0,2798.0,0.54,0.54,756166.0,484702.0,84007.0,2.494,3.891,22.451,0.337,0.526,3.035,3.7,5.773,33.307
TX- ODESSA,1116.0,101.0,1473.0,0.53,0.64,413834.0,285171.0,45716.0,2.697,3.913,24.412,0.244,0.354,2.209,3.559,5.165,32.221
TX- SAN ANGELO,633.0,29.0,845.0,0.42,0.56,170195.0,124212.0,28527.0,3.719,5.096,22.19,0.17,0.233,1.017,4.965,6.803,29.621
TX- SAN ANTONIO,8002.0,697.0,12369.0,0.63,0.71,3109129.0,2214053.0,414389.0,2.574,3.614,19.31,0.224,0.315,1.682,3.978,5.587,29.849
TX- TEMPLE,1100.0,94.0,1301.0,0.62,0.54,735339.0,523823.0,89393.0,1.496,2.1,12.305,0.128,0.179,1.052,1.769,2.484,14.554
TX- TYLER,1855.0,224.0,2374.0,0.69,0.44,583151.0,432377.0,106096.0,3.181,4.29,17.484,0.384,0.518,2.111,4.071,5.491,22.376
TX- VICTORIA,684.0,46.0,845.0,0.38,0.61,156855.0,114262.0,27880.0,4.361,5.986,24.534,0.293,0.403,1.65,5.387,7.395,30.308
TX- WACO,671.0,48.0,764.0,0.52,0.56,372871.0,270582.0,59185.0,1.8,2.48,11.337,0.129,0.177,0.811,2.049,2.824,12.909
TX- WICHITA FALLS,1077.0,24.0,1757.0,0.57,0.65,197883.0,146557.0,33096.0,5.443,7.349,32.542,0.121,0.164,0.725,8.879,11.989,53.088
UT- OGDEN,627.0,78.0,862.0,0.46,0.61,360126.0,243464.0,41287.0,1.741,2.575,15.186,0.217,0.32,1.889,2.394,3.541,20.878
UT- PROVO,1337.0,122.0,1491.0,0.62,0.59,425115.0,270731.0,38433.0,3.145,4.938,34.788,0.287,0.451,3.174,3.507,5.507,38.795
UT- SALT LAKE CITY,4418.0,519.0,5984.0,0.54,0.55,2173501.0,1519649.0,286962.0,2.033,2.907,15.396,0.239,0.342,1.809,2.753,3.938,20.853
VA- ARLINGTON,3064.0,326.0,3531.0,0.71,0.58,2539584.0,1871339.0,300655.0,1.206,1.637,10.191,0.128,0.174,1.084,1.39,1.887,11.744
VA- CHARLOTTESVILLE,1513.0,78.0,1606.0,0.67,0.79,638925.0,488392.0,116749.0,2.368,3.098,12.959,0.122,0.16,0.668,2.514,3.288,13.756
VA- LYNCHBURG,428.0,43.0,937.0,0.71,0.41,268615.0,205876.0,51027.0,1.593,2.079,8.388,0.16,0.209,0.843,3.488,4.551,18.363
VA- NEWPORT NEWS,987.0,145.0,1871.0,0.68,0.71,511714.0,386295.0,86896.0,1.929,2.555,11.358,0.283,0.375,1.669,3.656,4.843,21.531
VA- NORFOLK,2850.0,253.0,3307.0,0.73,0.72,1229602.0,927976.0,176548.0,2.318,3.071,16.143,0.206,0.273,1.433,2.689,3.564,18.731
VA- RICHMOND,4554.0,445.0,6055.0,0.61,0.57,1838352.0,1389192.0,289769.0,2.477,3.278,15.716,0.242,0.32,1.536,3.294,4.359,20.896
VA- ROANOKE,2733.0,228.0,3860.0,0.59,0.69,713289.0,552457.0,140534.0,3.832,4.947,19.447,0.32,0.413,1.622,5.412,6.987,27.467
VA- WINCHESTER,706.0,84.0,923.0,0.66,0.73,509191.0,383617.0,87161.0,1.387,1.84,8.1,0.165,0.219,0.964,1.813,2.406,10.59
VT- BURLINGTON,1318.0,117.0,1690.0,0.59,0.48,603990.0,469416.0,108259.0,2.182,2.808,12.175,0.194,0.249,1.081,2.798,3.6,15.611
WA- EVERETT,930.0,83.0,1028.0,0.71,0.68,1327207.0,1012857.0,198329.0,0.701,0.918,4.689,0.063,0.082,0.418,0.775,1.015,5.183
WA- OLYMPIA,597.0,84.0,771.0,0.67,0.7,402704.0,309073.0,75539.0,1.482,1.932,7.903,0.209,0.272,1.112,1.915,2.495,10.207
WA- SEATTLE,5077.0,631.0,7226.0,0.73,0.72,2410899.0,1872975.0,360754.0,2.106,2.711,14.073,0.262,0.337,1.749,2.997,3.858,20.03
WA- SPOKANE,3644.0,294.0,4782.0,0.6,0.66,1553782.0,1148840.0,266922.0,2.345,3.172,13.652,0.189,0.256,1.101,3.078,4.162,17.915
WA- TACOMA,2219.0,197.0,2973.0,0.8,0.68,790857.0,587926.0,110490.0,2.806,3.774,20.083,0.249,0.335,1.783,3.759,5.057,26.907
WA- YAKIMA,308.0,58.0,616.0,0.55,0.43,262187.0,185551.0,37882.0,1.175,1.66,8.131,0.221,0.313,1.531,2.349,3.32,16.261
WI- APPLETON,566.0,72.0,617.0,0.47,0.49,323390.0,242921.0,55156.0,1.75,2.33,10.262,0.223,0.296,1.305,1.908,2.54,11.186
WI- GREEN BAY,1123.0,96.0,1747.0,0.51,0.65,523422.0,396586.0,95981.0,2.145,2.832,11.7,0.183,0.242,1.0,3.338,4.405,18.202
WI- LA CROSSE,610.0,60.0,905.0,0.52,0.41,354013.0,265315.0,65243.0,1.723,2.299,9.35,0.169,0.226,0.92,2.556,3.411,13.871
WI- MADISON,2815.0,116.0,3499.0,0.56,0.43,1147800.0,873171.0,184785.0,2.453,3.224,15.234,0.101,0.133,0.628,3.048,4.007,18.936
WI- MARSHFIELD,715.0,68.0,1194.0,0.49,0.5,419904.0,318991.0,82710.0,1.703,2.241,8.645,0.162,0.213,0.822,2.844,3.743,14.436
WI- MILWAUKEE,5919.0,820.0,9306.0,0.61,0.65,2715441.0,2018636.0,425747.0,2.18,2.932,13.903,0.302,0.406,1.926,3.427,4.61,21.858
WI- NEENAH,450.0,68.0,888.0,0.44,0.6,196589.0,150628.0,35596.0,2.289,2.987,12.642,0.346,0.451,1.91,4.517,5.895,24.947
WI- WAUSAU,444.0,72.0,581.0,0.61,0.37,160443.0,124978.0,34252.0,2.767,3.553,12.963,0.449,0.576,2.102,3.621,4.649,16.963
WV- CHARLESTON,2590.0,284.0,3421.0,0.56,0.67,800873.0,620183.0,165665.0,3.234,4.176,15.634,0.355,0.458,1.714,4.272,5.516,20.65
WV- HUNTINGTON,1817.0,117.0,2112.0,0.59,0.64,337076.0,258289.0,65610.0,5.39,7.035,27.694,0.347,0.453,1.783,6.266,8.177,32.19
WV- MORGANTOWN,1489.0,155.0,1927.0,0.66,0.79,404789.0,315626.0,74190.0,3.678,4.718,20.07,0.383,0.491,2.089,4.761,6.105,25.974
WY- CASPER,704.0,32.0,851.0,0.4,0.39,204223.0,151057.0,35966.0,3.447,4.66,19.574,0.157,0.212,0.89,4.167,5.634,23.661
