HRR,Total Hospital Beds,Total ICU Beds,Available Hospital Beds,Potentially Available Hospital Beds*,Available ICU Beds,Potentially Available ICU Beds*,Adult Population,Population 65+,Projected Infected Individuals,Projected Hospitalized Individuals,Projected Individuals Needing ICU Care,"Hospital Beds Needed, Six Months","Percentage of Available Beds Needed, Six Months","Percentage of Potentially Available Beds Needed, Six Months","Percentage of Total Beds Needed, Six Months","Hospital Beds Needed, Twelve Months","Percentage of Available Beds Needed, Twelve Months","Percentage of Potentially Available Beds Needed, Twelve Months","Percentage of Total Beds Needed, Twelve Months","Hospital Beds Needed, Eighteen Months","Percentage of Available Beds Needed, Eighteen Months","Percentage of Potentially Available Beds Needed, Eighteen Months","Percentage of Total Beds Needed, Eighteen Months","ICU Beds Needed, Six Months","Percentage of Available ICU Beds Needed, Six Months","Percentage of Potentially Available ICU Beds Needed, Six Months","Percentage of Total ICU Beds Needed, Six Months","ICU Beds Needed, Twelve Months","Percentage of Available ICU Beds Needed, Twelve Months","Percentage of Potentially Available ICU Beds Needed, Twelve Months","Percentage of Total ICU Beds Needed, Twelve Months","ICU Beds Needed, Eighteen Months","Percentage of Available ICU Beds Needed, Eighteen Months","Percentage of Potentially Available ICU Beds Needed, Eighteen Months","Percentage of Total ICU Beds Needed, Eighteen Months"
"Abilene, TX",980,127,565,772,68,98,"226,444","50,412","135,866","28,688","6,270","1,913",339%,248%,195%,956,169%,124%,98%,624,110%,81%,64%,418,615%,427%,329%,209,307%,213%,165%,136,200%,139%,107%
"Akron, OH","1,358",186,518,938,94,140,"547,990","111,042","328,794","68,800","14,876","4,587",886%,489%,338%,"2,293",443%,244%,169%,"1,496",289%,159%,110%,992,1055%,709%,533%,496,528%,354%,267%,323,344%,231%,174%
"Alameda County, CA","2,695",293,665,"1,680",139,216,"1,310,189","214,991","786,113","161,616","34,200","10,774",1620%,641%,400%,"5,387",810%,321%,200%,"3,513",528%,209%,130%,"2,280",1640%,1056%,778%,"1,140",820%,528%,389%,743,535%,344%,254%
"Albany, GA",704,60,221,462,27,43,"157,143","30,466","94,286","19,651","4,229","1,310",593%,284%,186%,655,296%,142%,93%,427,193%,92%,61%,282,1044%,656%,470%,141,522%,328%,235%,92,341%,214%,153%
"Albany, NY","4,804",425,"1,579","3,191",193,309,"1,477,723","318,695","886,634","186,626","40,636","12,442",788%,390%,259%,"6,221",394%,195%,129%,"4,057",257%,127%,84%,"2,709",1404%,877%,637%,"1,355",702%,439%,319%,883,458%,286%,208%
"Albuquerque, NM","2,908",380,"1,102","2,005",161,270,"1,336,795","279,457","802,077","168,324","36,521","11,222",1018%,560%,386%,"5,611",509%,280%,193%,"3,659",332%,182%,126%,"2,435",1512%,902%,641%,"1,217",756%,451%,320%,794,493%,294%,209%
"Alexandria, LA",917,43,402,660,20,31,"221,597","44,519","132,958","27,800","6,005","1,853",461%,281%,202%,927,231%,140%,101%,604,150%,92%,66%,400,2000%,1290%,930%,200,1000%,645%,465%,131,655%,423%,305%
"Allentown, PA","3,267",334,"1,267","2,267",143,238,"960,572","207,376","576,343","121,326","26,421","8,088",638%,357%,248%,"4,044",319%,178%,124%,"2,638",208%,116%,81%,"1,761",1231%,740%,527%,881,616%,370%,264%,574,401%,241%,172%
"Altoona, PA",555,61,234,394,27,44,"234,560","56,483","140,736","29,959","6,610","1,997",853%,507%,360%,999,427%,254%,180%,651,278%,165%,117%,441,1633%,1002%,723%,220,815%,500%,361%,144,533%,327%,236%
"Amarillo, TX","1,236",194,678,957,79,137,"332,671","61,267","199,603","41,417","8,864","2,761",407%,289%,223%,"1,381",204%,144%,112%,900,133%,94%,73%,591,748%,431%,305%,295,373%,215%,152%,193,244%,141%,99%
"Anchorage, AK","1,583",130,533,"1,058",55,93,"551,912","74,327","331,147","67,155","13,967","4,477",840%,423%,283%,"2,238",420%,212%,141%,"1,460",274%,138%,92%,931,1693%,1001%,716%,466,847%,501%,358%,304,553%,327%,234%
"Ann Arbor, MI","3,014",406,876,"1,945",122,264,"1,115,589","209,105","669,353","139,096","29,825","9,273",1059%,477%,308%,"4,637",529%,238%,154%,"3,024",345%,155%,100%,"1,988",1630%,753%,490%,994,815%,377%,245%,648,531%,245%,160%
"Appleton, WI",448,72,222,335,37,54,"254,546","52,373","152,728","32,004","6,931","2,134",961%,637%,476%,"1,067",481%,319%,238%,696,314%,208%,155%,462,1249%,856%,642%,231,624%,428%,321%,151,408%,280%,210%
"Arlington, VA","3,116",450,995,"2,055",173,312,"1,909,537","270,129","1,145,722","233,085","48,674","15,539",1562%,756%,499%,"7,770",781%,378%,249%,"5,067",509%,247%,163%,"3,245",1876%,1040%,721%,"1,622",938%,520%,360%,"1,058",612%,339%,235%
"Asheville, NC","1,541",232,556,"1,048",76,154,"553,131","146,572","331,879","71,412","15,949","4,761",856%,454%,309%,"2,380",428%,227%,154%,"1,552",279%,148%,101%,"1,063",1399%,690%,458%,532,700%,345%,229%,347,457%,225%,150%
"Atlanta, GA","12,780","1,621","3,338","8,059",436,"1,029","5,027,281","799,338","3,016,369","618,672","130,533","41,245",1236%,512%,323%,"20,622",618%,256%,161%,"13,449",403%,167%,105%,"8,702",1996%,846%,537%,"4,351",998%,423%,268%,"2,838",651%,276%,175%
"Augusta, GA","2,194",349,831,"1,512",106,227,"540,242","105,665","324,145","67,610","14,563","4,507",542%,298%,205%,"2,254",271%,149%,103%,"1,470",177%,97%,67%,971,916%,428%,278%,485,458%,214%,139%,317,299%,140%,91%
"Aurora, IL",527,55,286,406,25,40,"245,644","34,035","147,386","29,943","6,242","1,996",698%,492%,379%,998,349%,246%,189%,651,228%,160%,124%,416,1664%,1040%,756%,208,832%,520%,378%,136,544%,340%,247%
"Austin, TX","2,775",393,"1,003","1,889",161,277,"1,523,446","208,426","914,068","185,553","38,641","12,370",1233%,655%,446%,"6,185",617%,327%,223%,"4,034",402%,214%,145%,"2,576",1600%,930%,655%,"1,288",800%,465%,328%,840,522%,303%,214%
"Bakersfield, CA","2,429",191,692,"1,561",88,140,"847,115","123,309","508,269","103,600","21,687","6,907",998%,442%,284%,"3,453",499%,221%,142%,"2,252",325%,144%,93%,"1,446",1643%,1033%,757%,723,822%,516%,379%,471,535%,336%,247%
"Baltimore, MD","6,931",844,"1,887","4,409",303,574,"2,015,003","379,769","1,209,002","251,357","53,927","16,757",888%,380%,242%,"8,379",444%,190%,121%,"5,464",290%,124%,79%,"3,595",1186%,626%,426%,"1,798",593%,313%,213%,"1,172",387%,204%,139%
"Bangor, ME","1,094",100,400,747,28,64,"318,554","77,904","191,132","40,756","9,009","2,717",679%,364%,248%,"1,359",340%,182%,124%,886,222%,119%,81%,601,2146%,939%,601%,300,1071%,469%,300%,196,700%,306%,196%
"Baton Rouge, LA","2,898",249,"1,159","2,028",119,184,"746,856","127,072","448,114","92,385","19,617","6,159",531%,304%,213%,"3,080",266%,152%,106%,"2,008",173%,99%,69%,"1,308",1099%,711%,525%,654,550%,355%,263%,426,358%,232%,171%
"Beaumont, TX",908,114,421,665,43,79,"356,372","70,621","213,823","44,652","9,631","2,977",707%,448%,328%,"1,488",353%,224%,164%,971,231%,146%,107%,642,1493%,813%,563%,321,747%,406%,282%,209,486%,265%,183%
"Bend, OR",415,38,182,298,17,27,"189,876","47,299","113,926","24,342","5,393","1,623",892%,545%,391%,811,446%,272%,195%,529,291%,178%,127%,360,2118%,1333%,947%,180,1059%,667%,474%,117,688%,433%,308%
"Billings, MT","2,432",148,931,"1,681",65,106,"476,520","97,688","285,912","59,891","12,966","3,993",429%,238%,164%,"1,996",214%,119%,82%,"1,302",140%,77%,54%,864,1329%,815%,584%,432,665%,408%,292%,282,434%,266%,191%
"Binghamton, NY","1,005",54,365,685,17,35,"286,154","67,043","171,692","36,443","8,013","2,430",666%,355%,242%,"1,215",333%,177%,121%,792,217%,116%,79%,534,3141%,1526%,989%,267,1571%,763%,494%,174,1024%,497%,322%
"Birmingham, AL","7,297",991,"2,756","5,027",342,666,"1,774,690","364,610","1,064,814","223,097","48,312","14,873",540%,296%,204%,"7,437",270%,148%,102%,"4,850",176%,96%,66%,"3,221",942%,484%,325%,"1,610",471%,242%,162%,"1,050",307%,158%,106%
"Bismarck, ND",970,80,422,696,43,62,"182,581","38,811","109,549","23,027","5,006","1,535",364%,221%,158%,768,182%,110%,79%,501,119%,72%,52%,334,777%,539%,418%,167,388%,269%,209%,109,253%,176%,136%
"Bloomington, IL",394,35,201,298,10,23,"160,796","25,937","96,478","19,809","4,185","1,321",657%,443%,335%,660,328%,221%,168%,431,214%,145%,109%,279,2790%,1213%,797%,140,1400%,609%,400%,91,910%,396%,260%
"Blue Island, IL","2,053",308,583,"1,318",118,213,"670,968","134,483","402,581","84,156","18,174","5,610",962%,426%,273%,"2,805",481%,213%,137%,"1,829",314%,139%,89%,"1,212",1027%,569%,394%,606,514%,285%,197%,395,335%,185%,128%
"Boise, ID","1,773",186,848,"1,310",95,141,"701,166","134,953","420,700","87,625","18,841","5,842",689%,446%,329%,"2,921",344%,223%,165%,"1,905",225%,145%,107%,"1,256",1322%,891%,675%,628,661%,445%,338%,410,432%,291%,220%
"Boston, MA","10,239","1,157","2,548","6,393",438,798,"4,022,208","782,014","2,413,325","503,107","108,294","33,540",1316%,525%,328%,"16,770",658%,262%,164%,"10,937",429%,171%,107%,"7,220",1648%,905%,624%,"3,610",824%,452%,312%,"2,354",537%,295%,203%
"Boulder, CO",640,90,297,468,43,67,"267,487","42,093","160,492","32,893","6,933","2,193",738%,469%,343%,"1,096",369%,234%,171%,715,241%,153%,112%,462,1074%,690%,513%,231,537%,345%,257%,151,351%,225%,168%
"Bradenton, FL",822,104,342,582,49,76,"266,378","82,842","159,827","35,089","8,013","2,339",684%,402%,285%,"1,170",342%,201%,142%,763,223%,131%,93%,534,1090%,703%,513%,267,545%,351%,257%,174,355%,229%,167%
"Bridgeport, CT","1,354",132,370,862,65,99,"539,133","102,171","323,480","67,285","14,444","4,486",1212%,520%,331%,"2,243",606%,260%,166%,"1,463",395%,170%,108%,963,1482%,973%,730%,481,740%,486%,364%,314,483%,317%,238%
"Bronx, NY","4,012",282,807,"2,410",115,199,"1,094,741","170,439","656,845","134,516","28,327","8,968",1111%,372%,224%,"4,484",556%,186%,112%,"2,924",362%,121%,73%,"1,888",1642%,949%,670%,944,821%,474%,335%,616,536%,310%,218%
"Bryan, TX",579,64,317,448,34,49,"230,741","32,271","138,445","28,144","5,872","1,876",592%,419%,324%,938,296%,209%,162%,612,193%,137%,106%,391,1150%,798%,611%,196,576%,400%,306%,128,376%,261%,200%
"Buffalo, NY","4,713",323,"1,228","2,971",95,209,"1,090,373","234,541","654,224","137,671","29,968","9,178",747%,309%,195%,"4,589",374%,154%,97%,"2,993",244%,101%,64%,"1,998",2103%,956%,619%,999,1052%,478%,309%,651,685%,311%,202%
"Burlington, VT","1,743",117,587,"1,165",65,91,"522,720","104,104","313,632","65,524","14,141","4,368",744%,375%,251%,"2,184",372%,187%,125%,"1,424",243%,122%,82%,943,1451%,1036%,806%,471,725%,518%,403%,307,472%,337%,262%
"Camden, NJ","6,527",701,"2,294","4,410",293,497,"2,208,721","489,214","1,325,233","279,679","61,086","18,645",813%,423%,286%,"9,323",406%,211%,143%,"6,080",265%,138%,93%,"4,072",1390%,819%,581%,"2,036",695%,410%,290%,"1,328",453%,267%,189%
"Canton, OH","1,441",209,706,"1,073",97,153,"495,349","113,936","297,209","62,964","13,814","4,198",595%,391%,291%,"2,099",297%,196%,146%,"1,369",194%,128%,95%,921,949%,602%,441%,460,474%,301%,220%,300,309%,196%,144%
"Cape Girardeau, MO",859,80,398,629,43,62,"202,898","45,230","121,739","25,709","5,619","1,714",431%,272%,200%,857,215%,136%,100%,559,140%,89%,65%,375,872%,605%,469%,187,435%,302%,234%,122,284%,197%,153%
"Casper, WY",633,32,378,505,20,26,"152,884","31,930","91,730","19,249","4,176","1,283",339%,254%,203%,642,170%,127%,101%,418,111%,83%,66%,278,1390%,1069%,869%,139,695%,535%,434%,91,455%,350%,284%
"Cedar Rapids, IA",799,44,364,581,22,33,"234,872","48,228","140,923","29,524","6,393","1,968",541%,339%,246%,984,270%,169%,123%,642,176%,110%,80%,426,1936%,1291%,968%,213,968%,645%,484%,139,632%,421%,316%
"Charleston, SC","3,013",329,975,"1,994",101,215,"914,407","196,315","548,644","115,432","25,121","7,695",789%,386%,255%,"3,848",395%,193%,128%,"2,509",257%,126%,83%,"1,675",1658%,779%,509%,837,829%,389%,254%,546,541%,254%,166%
"Charleston, WV","2,620",284,"1,167","1,894",97,190,"650,209","155,752","390,125","83,002","18,300","5,533",474%,292%,211%,"2,767",237%,146%,106%,"1,804",155%,95%,69%,"1,220",1258%,642%,430%,610,629%,321%,215%,398,410%,209%,140%
"Charlotte, NC","4,873",770,"1,465","3,169",249,510,"2,024,238","353,589","1,214,543","250,918","53,418","16,728",1142%,528%,343%,"8,364",571%,264%,172%,"5,455",372%,172%,112%,"3,561",1430%,698%,462%,"1,781",715%,349%,231%,"1,161",466%,228%,151%
"Charlottesville, VA","1,326",155,433,879,35,95,"477,802","100,652","286,681","60,207","13,074","4,014",927%,457%,303%,"2,007",464%,228%,151%,"1,309",302%,149%,99%,872,2491%,918%,563%,436,1246%,459%,281%,284,811%,299%,183%
"Chattanooga, TN","1,928",247,651,"1,290",59,153,"567,490","121,347","340,494","71,611","15,577","4,774",733%,370%,248%,"2,387",367%,185%,124%,"1,557",239%,121%,81%,"1,038",1759%,678%,420%,519,880%,339%,210%,339,575%,222%,137%
"Chicago, IL","7,764",912,"3,161","5,462",312,612,"2,045,072","306,266","1,227,043","250,595","52,588","16,706",529%,306%,215%,"8,353",264%,153%,108%,"5,448",172%,100%,70%,"3,506",1124%,573%,384%,"1,753",562%,286%,192%,"1,143",366%,187%,125%
"Chico, CA",537,51,153,345,23,37,"239,882","53,947","143,929","30,421","6,656","2,028",1325%,588%,378%,"1,014",663%,294%,189%,661,432%,192%,123%,444,1930%,1200%,871%,222,965%,600%,435%,145,630%,392%,284%
"Cincinnati, OH","3,808",567,"1,537","2,673",185,376,"1,293,436","245,509","776,062","161,446","34,663","10,763",700%,403%,283%,"5,382",350%,201%,141%,"3,510",228%,131%,92%,"2,311",1249%,615%,408%,"1,155",624%,307%,204%,754,408%,201%,133%
"Clearwater, FL","1,571",160,719,"1,145",44,102,"434,821","131,578","260,893","57,070","12,981","3,805",529%,332%,242%,"1,902",265%,166%,121%,"1,241",173%,108%,79%,865,1966%,848%,541%,433,984%,425%,271%,282,641%,276%,176%
"Cleveland, OH","7,233",885,"2,631","4,932",306,595,"1,602,896","353,619","961,738","202,887","44,293","13,526",514%,274%,187%,"6,763",257%,137%,94%,"4,411",168%,89%,61%,"2,953",965%,496%,334%,"1,476",482%,248%,167%,963,315%,162%,109%
"Colorado Springs, CO","1,295",149,555,925,62,106,"673,350","119,939","404,010","83,598","17,832","5,573",1004%,602%,430%,"2,787",502%,301%,215%,"1,817",327%,196%,140%,"1,189",1918%,1122%,798%,594,958%,560%,399%,388,626%,366%,260%
"Columbia, MO","1,883",199,901,"1,392",77,138,"557,924","115,795","334,754","70,204","15,220","4,680",519%,336%,249%,"2,340",260%,168%,124%,"1,526",169%,110%,81%,"1,015",1318%,736%,510%,507,658%,367%,255%,331,430%,240%,166%
"Columbia, SC","3,026",398,"1,053","2,040",151,275,"975,665","189,632","585,399","122,035","26,267","8,136",773%,399%,269%,"4,068",386%,199%,134%,"2,653",252%,130%,88%,"1,751",1160%,637%,440%,876,580%,319%,220%,571,378%,208%,143%
"Columbus, GA","1,105",75,547,826,33,54,"280,815","48,222","168,489","34,762","7,388","2,317",424%,281%,210%,"1,159",212%,140%,105%,756,138%,92%,68%,493,1494%,913%,657%,246,745%,456%,328%,161,488%,298%,215%
"Columbus, OH","6,449",679,"2,792","4,620",235,457,"2,405,737","441,233","1,443,442","299,404","64,055","19,960",715%,432%,310%,"9,980",357%,216%,155%,"6,509",233%,141%,101%,"4,270",1817%,934%,629%,"2,135",909%,467%,314%,"1,392",592%,305%,205%
"Contra Costa County, CA","1,727",203,675,"1,201",81,142,"844,608","159,096","506,765","105,354","22,602","7,024",1041%,585%,407%,"3,512",520%,292%,203%,"2,290",339%,191%,133%,"1,507",1860%,1061%,742%,753,930%,530%,371%,491,606%,346%,242%
"Corpus Christi, TX","1,135",167,357,746,38,102,"439,951","83,055","263,971","54,889","11,778","3,659",1025%,490%,322%,"1,830",513%,245%,161%,"1,193",334%,160%,105%,785,2066%,770%,470%,393,1034%,385%,235%,256,674%,251%,153%
"Covington, KY",828,93,280,554,39,66,"327,040","57,022","196,224","40,533","8,628","2,702",965%,488%,326%,"1,351",483%,244%,163%,881,315%,159%,106%,575,1474%,871%,618%,288,738%,436%,310%,188,482%,285%,202%
"Dallas, TX","10,585","1,292","3,679","7,132",450,871,"3,918,830","583,050","2,351,298","479,980","100,668","31,999",870%,449%,302%,"15,999",435%,224%,151%,"10,434",284%,146%,99%,"6,711",1491%,770%,519%,"3,356",746%,385%,260%,"2,188",486%,251%,169%
"Danville, PA","1,664",171,510,"1,087",33,102,"481,423","99,782","288,854","60,570","13,129","4,038",792%,371%,243%,"2,019",396%,186%,121%,"1,317",258%,121%,79%,875,2652%,858%,512%,438,1327%,429%,256%,285,864%,279%,167%
"Davenport, IA","1,614",139,699,"1,157",66,102,"379,562","86,153","227,737","48,181","10,554","3,212",460%,278%,199%,"1,606",230%,139%,100%,"1,047",150%,90%,65%,704,1067%,690%,506%,352,533%,345%,253%,229,347%,225%,165%
"Dayton, OH","2,070",294,749,"1,410",89,192,"825,712","177,147","495,427","104,229","22,681","6,949",928%,493%,336%,"3,474",464%,246%,168%,"2,266",303%,161%,109%,"1,512",1699%,788%,514%,756,849%,394%,257%,493,554%,257%,168%
"Dearborn, MI","1,439",188,462,951,95,142,"382,586","75,636","229,552","47,926","10,335","3,195",692%,336%,222%,"1,598",346%,168%,111%,"1,042",226%,110%,72%,689,725%,485%,366%,344,362%,242%,183%,225,237%,158%,120%
"Denver, CO","5,593",843,"2,269","3,931",325,584,"2,380,353","379,848","1,428,212","293,012","61,843","19,534",861%,497%,349%,"9,767",430%,248%,175%,"6,370",281%,162%,114%,"4,123",1269%,706%,489%,"2,061",634%,353%,244%,"1,344",414%,230%,159%
"Des Moines, IA","2,760",173,"1,193","1,977",76,125,"869,785","168,710","521,871","108,772","23,407","7,251",608%,367%,263%,"3,626",304%,183%,131%,"2,365",198%,120%,86%,"1,560",2053%,1248%,902%,780,1026%,624%,451%,509,670%,407%,294%
"Detroit, MI","4,123",509,"1,333","2,728",163,336,"1,315,527","254,755","789,316","164,491","35,392","10,966",823%,402%,266%,"5,483",411%,201%,133%,"3,576",268%,131%,87%,"2,359",1447%,702%,463%,"1,180",724%,351%,232%,769,472%,229%,151%
"Dothan, AL","1,335",108,504,919,33,71,"290,096","65,608","174,058","36,811","8,060","2,454",487%,267%,184%,"1,227",243%,134%,92%,800,159%,87%,60%,537,1627%,756%,497%,269,815%,379%,249%,175,530%,246%,162%
"Dubuque, IA",518,18,228,373,8,13,"125,779","28,314","75,467","15,953","3,491","1,064",467%,285%,205%,532,233%,143%,103%,347,152%,93%,67%,233,2913%,1792%,1294%,116,1450%,892%,644%,76,950%,585%,422%
"Duluth, MN","1,319",217,508,914,73,145,"274,471","63,578","164,683","34,914","7,666","2,328",458%,255%,176%,"1,164",229%,127%,88%,759,149%,83%,58%,511,700%,352%,235%,256,351%,177%,118%,167,229%,115%,77%
"Durham, NC","4,505",790,"1,125","2,815",241,516,"1,097,252","224,839","658,351","137,903","29,854","9,194",817%,327%,204%,"4,597",409%,163%,102%,"2,998",266%,107%,67%,"1,990",826%,386%,252%,995,413%,193%,126%,649,269%,126%,82%
"East Long Island, NY","9,897",928,"1,230","5,564",235,582,"3,811,249","751,403","2,286,749","477,312","102,896","31,821",2587%,572%,322%,"15,910",1293%,286%,161%,"10,376",844%,186%,105%,"6,860",2919%,1179%,739%,"3,430",1460%,589%,370%,"2,237",952%,384%,241%
"El Paso, TX","2,086",274,753,"1,420",51,162,"839,182","146,112","503,509","103,995","22,133","6,933",921%,488%,332%,"3,466",460%,244%,166%,"2,261",300%,159%,108%,"1,476",2894%,911%,539%,738,1447%,456%,269%,481,943%,297%,176%
"Elgin, IL","1,239",142,475,857,67,104,"610,597","100,811","366,358","75,354","15,955","5,024",1058%,586%,405%,"2,512",529%,293%,203%,"1,638",345%,191%,132%,"1,064",1588%,1023%,749%,532,794%,512%,375%,347,518%,334%,244%
"Elmira, NY","1,036",94,361,699,14,54,"255,069","58,415","153,041","32,407","7,106","2,160",598%,309%,208%,"1,080",299%,155%,104%,704,195%,101%,68%,474,3386%,878%,504%,237,1693%,439%,252%,154,1100%,285%,164%
"Elyria, OH",453,63,214,333,21,42,"200,261","44,042","120,157","25,340","5,530","1,689",789%,507%,373%,845,395%,254%,187%,551,257%,165%,122%,369,1757%,879%,586%,184,876%,438%,292%,120,571%,286%,190%
"Erie, PA","1,904",184,706,"1,305",88,136,"561,138","130,069","336,683","71,384","15,676","4,759",674%,365%,250%,"2,379",337%,182%,125%,"1,552",220%,119%,82%,"1,045",1188%,768%,568%,523,594%,385%,284%,341,388%,251%,185%
"Eugene, OR","1,208",138,416,812,64,101,"603,572","141,016","362,143","76,845","16,891","5,123",1231%,631%,424%,"2,562",616%,316%,212%,"1,671",402%,206%,138%,"1,126",1759%,1115%,816%,563,880%,557%,408%,367,573%,363%,266%
"Evanston, IL","2,032",332,666,"1,349",137,234,"711,961","162,705","427,177","90,438","19,826","6,029",905%,447%,297%,"3,015",453%,223%,148%,"1,966",295%,146%,97%,"1,322",965%,565%,398%,661,482%,282%,199%,431,315%,184%,130%
"Evansville, IN","2,154",328,"1,050","1,602",157,243,"528,945","115,347","317,367","66,875","14,580","4,458",425%,278%,207%,"2,229",212%,139%,103%,"1,454",138%,91%,68%,972,619%,400%,296%,486,310%,200%,148%,317,202%,130%,97%
"Everett, WA",951,83,319,635,26,55,"542,404","104,811","325,442","67,808","14,586","4,521",1417%,712%,475%,"2,260",708%,356%,238%,"1,474",462%,232%,155%,972,3738%,1767%,1171%,486,1869%,884%,586%,317,1219%,576%,382%
"Fargo/Moorhead MN, ND","1,872",180,734,"1,303",48,114,"432,080","90,275","259,248","54,403","11,803","3,627",494%,278%,194%,"1,813",247%,139%,97%,"1,183",161%,91%,63%,787,1640%,690%,437%,393,819%,345%,218%,257,535%,225%,143%
"Flint, MI","1,375",161,458,916,58,109,"426,480","89,340","255,888","53,711","11,656","3,581",782%,391%,260%,"1,790",391%,195%,130%,"1,168",255%,128%,85%,777,1340%,713%,483%,389,671%,357%,242%,253,436%,232%,157%
"Florence, SC","1,248",224,481,865,79,151,"287,862","62,812","172,717","36,397","7,936","2,426",504%,280%,194%,"1,213",252%,140%,97%,791,164%,91%,63%,529,670%,350%,236%,265,335%,175%,118%,173,219%,115%,77%
"Fort Collins, CO",704,31,341,523,14,22,"287,995","47,223","172,797","35,523","7,517","2,368",694%,453%,336%,"1,184",347%,226%,168%,772,226%,148%,110%,501,3579%,2277%,1616%,251,1793%,1141%,810%,163,1164%,741%,526%
"Fort Lauderdale, FL","7,323",908,"2,753","5,038",292,600,"2,396,614","619,365","1,437,968","308,518","68,680","20,568",747%,408%,281%,"10,284",374%,204%,140%,"6,707",244%,133%,92%,"4,579",1568%,763%,504%,"2,289",784%,382%,252%,"1,493",511%,249%,164%
"Fort Myers, FL","3,115",268,"1,089","2,102",97,182,"1,079,022","373,713","647,413","144,310","33,490","9,621",883%,458%,309%,"4,810",442%,229%,154%,"3,137",288%,149%,101%,"2,233",2302%,1227%,833%,"1,116",1151%,613%,416%,728,751%,400%,272%
"Fort Smith, AR",931,87,487,709,55,71,"281,971","62,427","169,183","35,703","7,798","2,380",489%,336%,256%,"1,190",244%,168%,128%,776,159%,109%,83%,520,945%,732%,598%,260,473%,366%,299%,170,309%,239%,195%
"Fort Wayne, IN","2,442",376,"1,038","1,740",143,259,"651,379","132,442","390,827","81,806","17,695","5,454",525%,313%,223%,"2,727",263%,157%,112%,"1,778",171%,102%,73%,"1,180",825%,456%,314%,590,413%,228%,157%,385,269%,149%,102%
"Fort Worth, TX","4,200",501,"1,400","2,800",187,344,"1,764,292","277,941","1,058,575","216,972","45,740","14,465",1033%,517%,344%,"7,232",517%,258%,172%,"4,717",337%,168%,112%,"3,049",1630%,886%,609%,"1,525",816%,443%,304%,994,532%,289%,198%
"Fresno, CA","1,935",205,547,"1,241",77,141,"918,145","146,620","550,887","113,026","23,857","7,535",1378%,607%,389%,"3,768",689%,304%,195%,"2,457",449%,198%,127%,"1,590",2065%,1128%,776%,795,1032%,564%,388%,519,674%,368%,253%
"Gainesville, FL","1,834",303,469,"1,152",88,195,"464,038","96,829","278,423","58,420","12,673","3,895",830%,338%,212%,"1,947",415%,169%,106%,"1,270",271%,110%,69%,845,960%,433%,279%,422,480%,216%,139%,276,314%,142%,91%
"Gary, IN","1,434",179,638,"1,036",95,137,"392,167","80,990","235,300","49,323","10,687","3,288",515%,317%,229%,"1,644",258%,159%,115%,"1,072",168%,103%,75%,712,749%,520%,398%,356,375%,260%,199%,232,244%,169%,130%
"Grand Forks, ND",952,31,374,663,18,24,"130,084","25,793","78,050","16,300","3,516","1,087",291%,164%,114%,543,145%,82%,57%,354,95%,53%,37%,234,1300%,975%,755%,117,650%,488%,377%,76,422%,317%,245%
"Grand Junction, CO",696,75,321,509,33,54,"270,519","57,077","162,311","34,092","7,405","2,273",708%,447%,327%,"1,136",354%,223%,163%,741,231%,146%,106%,494,1497%,915%,659%,247,748%,457%,329%,161,488%,298%,215%
"Grand Rapids, MI","2,440",236,957,"1,699",86,161,"933,913","171,359","560,348","116,234","24,868","7,749",810%,456%,318%,"3,874",405%,228%,159%,"2,527",264%,149%,104%,"1,658",1928%,1030%,703%,829,964%,515%,351%,541,629%,336%,229%
"Great Falls, MT",937,50,367,652,27,39,"114,922","25,583","68,953","14,559","3,182",971,265%,149%,104%,485,132%,74%,52%,316,86%,48%,34%,212,785%,544%,424%,106,393%,272%,212%,69,256%,177%,138%
"Greeley, CO",792,79,396,594,28,54,"294,267","55,594","176,560","36,715","7,879","2,448",618%,412%,309%,"1,224",309%,206%,155%,798,202%,134%,101%,525,1875%,972%,665%,263,939%,487%,333%,171,611%,317%,216%
"Green Bay, WI",990,112,498,744,43,77,"402,953","88,095","241,772","50,958","11,113","3,397",682%,457%,343%,"1,699",341%,228%,172%,"1,108",222%,149%,112%,741,1723%,962%,662%,370,860%,481%,330%,242,563%,314%,216%
"Greensboro, NC","1,224",135,362,793,47,91,"505,727","100,544","303,436","63,384","13,676","4,226",1167%,533%,345%,"2,113",584%,266%,173%,"1,378",381%,174%,113%,912,1940%,1002%,676%,456,970%,501%,338%,297,632%,326%,220%
"Greenville, NC","1,977",339,631,"1,304",115,227,"679,309","136,432","407,585","85,218","18,408","5,681",900%,436%,287%,"2,841",450%,218%,144%,"1,853",294%,142%,94%,"1,227",1067%,541%,362%,614,534%,270%,181%,400,348%,176%,118%
"Greenville, SC","2,217",282,798,"1,507",41,161,"743,619","153,533","446,171","93,524","20,264","6,235",781%,414%,281%,"3,117",391%,207%,141%,"2,033",255%,135%,92%,"1,351",3295%,839%,479%,675,1646%,419%,239%,441,1076%,274%,156%
"Gulfport, MS",609,80,287,448,40,60,"159,671","28,559","95,803","19,830","4,232","1,322",461%,295%,217%,661,230%,148%,109%,431,150%,96%,71%,282,705%,470%,353%,141,353%,235%,176%,92,230%,153%,115%
"Hackensack, NJ","3,819",175,"1,057","2,438",98,137,"1,048,868","200,075","629,321","130,975","28,136","8,732",826%,358%,229%,"4,366",413%,179%,114%,"2,847",269%,117%,75%,"1,876",1914%,1369%,1072%,938,957%,685%,536%,612,624%,447%,350%
"Harlingen, TX","1,145",120,536,840,44,82,"418,633","76,061","251,180","52,060","11,127","3,471",648%,413%,303%,"1,735",324%,207%,152%,"1,132",211%,135%,99%,742,1686%,905%,618%,371,843%,452%,309%,242,550%,295%,202%
"Harrisburg, PA","2,426",211,929,"1,677",61,136,"825,408","183,199","495,245","104,539","22,838","6,969",750%,416%,287%,"3,485",375%,208%,144%,"2,273",245%,136%,94%,"1,523",2497%,1120%,722%,761,1248%,560%,361%,496,813%,365%,235%
"Hartford, CT","2,855",323,751,"1,803",115,219,"1,196,337","245,503","717,802","150,376","32,560","10,025",1335%,556%,351%,"5,013",668%,278%,176%,"3,269",435%,181%,115%,"2,171",1888%,991%,672%,"1,085",943%,495%,336%,708,616%,323%,219%
"Hattiesburg, MS","1,546",85,504,"1,025",30,57,"240,419","46,076","144,251","30,034","6,455","2,002",397%,195%,129%,"1,001",199%,98%,65%,653,130%,64%,42%,430,1433%,754%,506%,215,717%,377%,253%,140,467%,246%,165%
"Hickory, NC",603,64,253,428,25,45,"229,268","51,364","137,561","29,064","6,357","1,938",766%,453%,321%,969,383%,226%,161%,632,250%,148%,105%,424,1696%,942%,663%,212,848%,471%,331%,138,552%,307%,216%
"Hinsdale, IL","1,041",172,402,721,89,130,"385,733","67,856","231,440","47,841","10,192","3,189",793%,442%,306%,"1,595",397%,221%,153%,"1,040",259%,144%,100%,679,763%,522%,395%,340,382%,262%,198%,222,249%,171%,129%
"Honolulu, HI","2,623",219,795,"1,709",73,146,"1,114,023","238,126","668,414","140,572","30,577","9,371",1179%,548%,357%,"4,686",589%,274%,179%,"3,056",384%,179%,117%,"2,038",2792%,1396%,931%,"1,019",1396%,698%,465%,665,911%,455%,304%
"Houma, LA",707,65,399,553,32,49,"206,176","37,957","123,706","25,668","5,493","1,711",429%,309%,242%,856,215%,155%,121%,558,140%,101%,79%,366,1144%,747%,563%,183,572%,373%,282%,119,372%,243%,183%
"Houston, TX","14,062","1,790","5,130","9,596",652,"1,221","5,278,689","769,270","3,167,213","645,619","135,164","43,041",839%,449%,306%,"21,521",420%,224%,153%,"14,035",274%,146%,100%,"9,011",1382%,738%,503%,"4,505",691%,369%,252%,"2,938",451%,241%,164%
"Hudson, FL","1,188",160,329,758,45,102,"351,228","112,737","210,737","46,466","10,660","3,098",942%,409%,261%,"1,549",471%,204%,130%,"1,010",307%,133%,85%,711,1580%,697%,444%,355,789%,348%,222%,232,516%,227%,145%
"Huntington, WV","1,561",162,382,971,64,113,"276,340","63,341","165,804","35,113","7,700","2,341",613%,241%,150%,"1,170",306%,120%,75%,763,200%,79%,49%,513,802%,454%,317%,257,402%,227%,159%,167,261%,148%,103%
"Huntsville, AL","1,804",248,569,"1,187",59,154,"506,155","100,153","303,693","63,410","13,675","4,227",743%,356%,234%,"2,114",372%,178%,117%,"1,378",242%,116%,76%,912,1546%,592%,368%,456,773%,296%,184%,297,503%,193%,120%
"Idaho Falls, ID",492,44,269,381,24,34,"169,856","28,437","101,914","20,985","4,449","1,399",520%,367%,284%,700,260%,184%,142%,456,170%,120%,93%,297,1238%,874%,675%,148,617%,435%,336%,97,404%,285%,220%
"Indianapolis, IN","7,441","1,081","3,350","5,396",403,742,"2,249,394","412,838","1,349,636","279,963","59,899","18,664",557%,346%,251%,"9,332",279%,173%,125%,"6,086",182%,113%,82%,"3,993",991%,538%,369%,"1,997",496%,269%,185%,"1,302",323%,175%,120%
"Iowa City, IA","1,414",147,538,976,64,106,"279,218","53,012","167,531","34,853","7,483","2,324",432%,238%,164%,"1,162",216%,119%,82%,758,141%,78%,54%,499,780%,471%,339%,249,389%,235%,169%,163,255%,154%,111%
"Jackson, MS","4,425",406,"1,964","3,194",149,277,"792,834","152,349","475,700","99,067","21,298","6,604",336%,207%,149%,"3,302",168%,103%,75%,"2,154",110%,67%,49%,"1,420",953%,513%,350%,710,477%,256%,175%,463,311%,167%,114%
"Jackson, TN","1,063",115,423,743,57,86,"256,100","58,414","153,660","32,525","7,129","2,168",513%,292%,204%,"1,084",256%,146%,102%,707,167%,95%,67%,475,833%,552%,413%,238,418%,277%,207%,155,272%,180%,135%
"Jacksonville, FL","4,947",618,"1,625","3,286",183,400,"1,340,118","254,567","804,071","167,284","35,919","11,152",686%,339%,225%,"5,576",343%,170%,113%,"3,637",224%,111%,74%,"2,395",1309%,599%,388%,"1,197",654%,299%,194%,781,427%,195%,126%
"Johnson City, TN",956,94,342,649,39,66,"235,522","51,395","141,313","29,779","6,493","1,985",580%,306%,208%,993,290%,153%,104%,647,189%,100%,68%,433,1110%,656%,461%,216,554%,327%,230%,141,362%,214%,150%
"Johnstown, PA",741,44,426,584,25,35,"170,816","45,254","102,490","22,053","4,925","1,470",345%,252%,198%,735,173%,126%,99%,479,112%,82%,65%,328,1312%,937%,745%,164,656%,469%,373%,107,428%,306%,243%
"Joliet, IL","1,376",149,662,"1,019",53,101,"516,812","90,546","310,087","64,078","13,646","4,272",645%,419%,310%,"2,136",323%,210%,155%,"1,393",210%,137%,101%,910,1717%,901%,611%,455,858%,450%,305%,297,560%,294%,199%
"Jonesboro, AR",975,76,403,689,23,50,"185,969","38,518","111,581","23,396","5,071","1,560",387%,226%,160%,780,194%,113%,80%,509,126%,74%,52%,338,1470%,676%,445%,169,735%,338%,222%,110,478%,220%,145%
"Joplin, MO","1,045",124,507,776,71,97,"282,798","63,826","169,679","35,877","7,854","2,392",472%,308%,229%,"1,196",236%,154%,114%,780,154%,101%,75%,524,738%,540%,423%,262,369%,270%,211%,171,241%,176%,138%
"Kalamazoo, MI","1,462",139,681,"1,072",21,80,"520,196","104,986","312,118","65,287","14,110","4,352",639%,406%,298%,"2,176",320%,203%,149%,"1,419",208%,132%,97%,941,4481%,1176%,677%,470,2238%,588%,338%,307,1462%,384%,221%
"Kansas City, MO","6,736",795,"2,646","4,691",286,541,"1,950,902","362,250","1,170,541","243,051","52,064","16,203",612%,345%,241%,"8,102",306%,173%,120%,"5,284",200%,113%,78%,"3,471",1214%,642%,437%,"1,735",607%,321%,218%,"1,132",396%,209%,142%
"Kettering, OH",923,138,412,667,42,90,"334,281","73,199","200,569","42,280","9,222","2,819",684%,423%,305%,"1,409",342%,211%,153%,919,223%,138%,100%,615,1464%,683%,446%,307,731%,341%,222%,200,476%,222%,145%
"Kingsport, TN","1,485",185,668,"1,077",75,130,"375,852","93,948","225,511","48,202","10,685","3,213",481%,298%,216%,"1,607",241%,149%,108%,"1,048",157%,97%,71%,712,949%,548%,385%,356,475%,274%,192%,232,309%,178%,125%
"Knoxville, TN","3,193",299,"1,198","2,195",74,186,"1,108,058","250,729","664,835","140,610","30,789","9,374",782%,427%,294%,"4,687",391%,214%,147%,"3,057",255%,139%,96%,"2,053",2774%,1104%,687%,"1,026",1386%,552%,343%,669,904%,360%,224%
"La Crosse, WI",650,78,286,468,44,61,"279,590","60,747","167,754","35,336","7,701","2,356",824%,503%,362%,"1,178",412%,252%,181%,768,269%,164%,118%,513,1166%,841%,658%,257,584%,421%,329%,167,380%,274%,214%
"Lafayette, IN",457,34,193,325,14,24,"199,535","31,824","119,721","24,561","5,184","1,637",848%,504%,358%,819,424%,252%,179%,534,277%,164%,117%,346,2471%,1442%,1018%,173,1236%,721%,509%,113,807%,471%,332%
"Lafayette, LA","1,716",188,700,"1,208",87,137,"477,559","85,840","286,535","59,335","12,668","3,956",565%,327%,231%,"1,978",283%,164%,115%,"1,290",184%,107%,75%,845,971%,617%,449%,422,485%,308%,224%,275,316%,201%,146%
"Lake Charles, LA",830,81,424,627,44,62,"210,604","37,934","126,362","26,171","5,589","1,745",412%,278%,210%,872,206%,139%,105%,569,134%,91%,69%,373,848%,602%,460%,186,423%,300%,230%,122,277%,197%,151%
"Lakeland, FL","1,046",103,382,714,57,80,"317,384","73,118","190,430","40,349","8,854","2,690",704%,377%,257%,"1,345",352%,188%,129%,877,230%,123%,84%,590,1035%,738%,573%,295,518%,369%,286%,192,337%,240%,186%
"Lancaster, PA","1,081",98,468,774,40,69,"528,715","112,509","317,229","66,687","14,498","4,446",950%,574%,411%,"2,223",475%,287%,206%,"1,450",310%,187%,134%,967,2418%,1401%,987%,483,1208%,700%,493%,315,788%,457%,321%
"Lansing, MI","1,444",240,632,"1,038",115,177,"561,636","102,892","336,982","69,891","14,951","4,659",737%,449%,323%,"2,330",369%,224%,161%,"1,519",240%,146%,105%,997,867%,563%,415%,498,433%,281%,208%,325,283%,184%,135%
"Las Vegas, NV","4,165",761,"1,088","2,626",162,462,"1,704,994","321,669","1,022,996","212,704","45,639","14,180",1303%,540%,340%,"7,090",652%,270%,170%,"4,624",425%,176%,111%,"3,043",1878%,659%,400%,"1,521",939%,329%,200%,992,612%,215%,130%
"Lawton, OK",733,76,346,539,32,54,"152,745","28,422","91,647","19,033","4,078","1,269",367%,235%,173%,634,183%,118%,86%,414,120%,77%,56%,272,850%,504%,358%,136,425%,252%,179%,89,278%,165%,117%
"Lebanon, NH",939,105,333,636,56,80,"320,499","77,792","192,299","40,971","9,048","2,731",820%,429%,291%,"1,366",410%,215%,145%,891,268%,140%,95%,603,1077%,754%,574%,302,539%,378%,288%,197,352%,246%,188%
"Lexington, KY","5,045",579,"2,073","3,559",172,375,"1,192,842","231,348","715,705","149,171","32,101","9,945",480%,279%,197%,"4,972",240%,140%,99%,"3,243",156%,91%,64%,"2,140",1244%,571%,370%,"1,070",622%,285%,185%,698,406%,186%,121%
"Lincoln, NE","2,047",116,"1,016","1,532",33,75,"459,005","93,970","275,403","57,683","12,486","3,846",379%,251%,188%,"1,923",189%,126%,94%,"1,254",123%,82%,61%,832,2521%,1109%,717%,416,1261%,555%,359%,271,821%,361%,234%
"Little Rock, AR","4,854",520,"2,174","3,514",177,348,"1,212,482","258,840","727,489","152,977","33,270","10,198",469%,290%,210%,"5,099",235%,145%,105%,"3,326",153%,95%,69%,"2,218",1253%,637%,427%,"1,109",627%,319%,213%,723,408%,208%,139%
"Longview, TX",224,45,98,161,21,33,"161,316","33,367","96,790","20,292","4,398","1,353",1381%,840%,604%,676,690%,420%,302%,441,450%,274%,197%,293,1395%,888%,651%,147,700%,445%,327%,96,457%,291%,213%
"Los Angeles, CA","19,492","2,415","6,594","13,043",942,"1,679","7,874,162","1,268,093","4,724,497","969,936","204,888","64,662",981%,496%,332%,"32,331",490%,248%,166%,"21,086",320%,162%,108%,"13,659",1450%,814%,566%,"6,830",725%,407%,283%,"4,454",473%,265%,184%
"Louisville, KY","4,162",506,"1,700","2,931",165,335,"1,385,741","271,762","831,445","173,465","37,373","11,564",680%,395%,278%,"5,782",340%,197%,139%,"3,771",222%,129%,91%,"2,492",1510%,744%,492%,"1,246",755%,372%,246%,812,492%,242%,160%
"Lubbock, TX","1,811",298,922,"1,367",85,191,"546,461","91,980","327,877","67,539","14,327","4,503",488%,329%,249%,"2,251",244%,165%,124%,"1,468",159%,107%,81%,955,1124%,500%,320%,478,562%,250%,160%,311,366%,163%,104%
"Lynchburg, VA","1,174",55,309,741,20,37,"217,344","49,862","130,406","27,619","6,058","1,841",596%,248%,157%,921,298%,124%,78%,600,194%,81%,51%,404,2020%,1092%,735%,202,1010%,546%,367%,132,660%,357%,240%
"Macon, GA","2,295",240,865,"1,580",57,149,"568,689","111,226","341,213","71,170","15,329","4,745",549%,300%,207%,"2,372",274%,150%,103%,"1,547",179%,98%,67%,"1,022",1793%,686%,426%,511,896%,343%,213%,333,584%,223%,139%
"Madison, WI","2,443",267,838,"1,640",121,194,"886,932","165,619","532,159","110,550","23,695","7,370",879%,449%,302%,"3,685",440%,225%,151%,"2,403",287%,147%,98%,"1,580",1306%,814%,592%,790,653%,407%,296%,515,426%,265%,193%
"Manchester, NH","1,603",137,582,"1,092",53,95,"714,679","143,594","428,807","89,658","19,368","5,977",1027%,547%,373%,"2,989",514%,274%,186%,"1,949",335%,178%,122%,"1,291",2436%,1359%,942%,646,1219%,680%,472%,421,794%,443%,307%
"Manhattan, NY","14,834","1,427","3,059","8,946",616,"1,021","4,173,437","725,342","2,504,062","517,116","110,035","34,474",1127%,385%,232%,"17,237",563%,193%,116%,"11,242",368%,126%,76%,"7,336",1191%,719%,514%,"3,668",595%,359%,257%,"2,392",388%,234%,168%
"Marquette, MI",601,47,276,438,18,32,"159,278","39,415","95,567","20,404","4,517","1,360",493%,311%,226%,680,246%,155%,113%,444,161%,101%,74%,301,1672%,941%,640%,151,839%,472%,321%,98,544%,306%,209%
"Marshfield, WI",706,68,281,494,34,51,"295,582","70,770","177,349","37,730","8,318","2,515",895%,509%,356%,"1,258",448%,255%,178%,820,292%,166%,116%,555,1632%,1088%,816%,277,815%,543%,407%,181,532%,355%,266%
"Mason City, IA",470,18,239,354,6,12,"100,326","26,837","60,196","12,967","2,900",864,362%,244%,184%,432,181%,122%,92%,282,118%,80%,60%,193,3217%,1608%,1072%,97,1617%,808%,539%,63,1050%,525%,350%
"McAllen, TX","1,938",350,849,"1,394",133,241,"486,579","74,033","291,947","59,690","12,544","3,979",469%,285%,205%,"1,990",234%,143%,103%,"1,298",153%,93%,67%,836,629%,347%,239%,418,314%,173%,119%,273,205%,113%,78%
"Medford, OR",855,72,369,612,25,49,"351,154","95,565","210,692","45,479","10,193","3,032",822%,495%,355%,"1,516",411%,248%,177%,989,268%,162%,116%,680,2720%,1388%,944%,340,1360%,694%,472%,222,888%,453%,308%
"Melrose Park, IL","2,902",334,"1,122","2,012",137,236,"1,031,510","185,204","618,906","128,149","27,357","8,543",761%,425%,294%,"4,272",381%,212%,147%,"2,786",248%,138%,96%,"1,824",1331%,773%,546%,912,666%,386%,273%,595,434%,252%,178%
"Memphis, TN","5,054",543,"2,045","3,549",139,341,"1,366,198","246,308","819,719","169,786","36,261","11,319",553%,319%,224%,"5,660",277%,159%,112%,"3,691",180%,104%,73%,"2,417",1739%,709%,445%,"1,209",870%,355%,223%,788,567%,231%,145%
"Meridian, MS","1,117",57,445,781,19,38,"148,060","32,340","88,836","18,722","4,083","1,248",280%,160%,112%,624,140%,80%,56%,407,91%,52%,36%,272,1432%,716%,477%,136,716%,358%,239%,89,468%,234%,156%
"Mesa, AZ","2,091",291,648,"1,370",108,200,"1,135,619","212,738","681,371","141,587","30,357","9,439",1457%,689%,451%,"4,720",728%,345%,226%,"3,078",475%,225%,147%,"2,024",1874%,1012%,696%,"1,012",937%,506%,348%,660,611%,330%,227%
"Metairie, LA",857,111,406,631,44,78,"366,346","76,217","219,808","46,108","9,999","3,074",757%,487%,359%,"1,537",379%,244%,179%,"1,002",247%,159%,117%,667,1516%,855%,601%,333,757%,427%,300%,217,493%,278%,195%
"Miami, FL","9,139",981,"2,952","6,045",280,630,"2,741,481","526,396","1,644,889","342,533","73,633","22,836",774%,378%,250%,"11,418",387%,189%,125%,"7,446",252%,123%,81%,"4,909",1753%,779%,500%,"2,454",876%,390%,250%,"1,601",572%,254%,163%
"Milwaukee, WI","5,263",818,"2,207","3,735",323,570,"2,079,205","380,644","1,247,523","258,726","55,342","17,248",782%,462%,328%,"8,624",391%,231%,164%,"5,624",255%,151%,107%,"3,689",1142%,647%,451%,"1,845",571%,324%,226%,"1,203",372%,211%,147%
"Minneapolis, MN","6,954",612,"2,458","4,706",238,425,"2,570,355","478,271","1,542,213","320,282","68,623","21,352",869%,454%,307%,"10,676",434%,227%,154%,"6,963",283%,148%,100%,"4,575",1922%,1076%,748%,"2,287",961%,538%,374%,"1,492",627%,351%,244%
"Minot, ND",916,19,384,650,9,14,"112,434","19,303","67,460","13,918","2,958",928,242%,143%,101%,464,121%,71%,51%,303,79%,47%,33%,197,2189%,1407%,1037%,99,1100%,707%,521%,64,711%,457%,337%
"Missoula, MT","1,002",79,455,729,39,59,"315,091","74,302","189,055","40,156","8,837","2,677",588%,367%,267%,"1,339",294%,184%,134%,873,192%,120%,87%,589,1510%,998%,746%,295,756%,500%,373%,192,492%,325%,243%
"Mobile, AL","2,066",282,695,"1,380",101,191,"648,957","135,227","389,374","81,689","17,718","5,446",784%,395%,264%,"2,723",392%,197%,132%,"1,776",256%,129%,86%,"1,181",1169%,618%,419%,591,585%,309%,210%,385,381%,202%,137%
"Modesto, CA","1,478",118,467,972,44,81,"680,976","119,559","408,586","84,446","17,987","5,630",1206%,579%,381%,"2,815",603%,290%,190%,"1,836",393%,189%,124%,"1,199",2725%,1480%,1016%,600,1364%,741%,508%,391,889%,483%,331%
"Monroe, LA","1,064",102,561,813,36,69,"204,787","41,070","122,872","25,687","5,548","1,712",305%,211%,161%,856,153%,105%,80%,558,99%,69%,52%,370,1028%,536%,363%,185,514%,268%,181%,121,336%,175%,119%
"Montgomery, AL","1,225",131,461,843,61,96,"360,863","68,023","216,518","45,016","9,658","3,001",651%,356%,245%,"1,501",326%,178%,123%,979,212%,116%,80%,644,1056%,671%,492%,322,528%,335%,246%,210,344%,219%,160%
"Morgantown, WV","1,555",155,499,"1,027",40,97,"329,288","68,760","197,573","41,458","8,994","2,764",554%,269%,178%,"1,382",277%,135%,89%,901,181%,88%,58%,600,1500%,619%,387%,300,750%,309%,194%,196,490%,202%,126%
"Morristown, NJ","1,862",147,589,"1,226",54,101,"795,142","157,620","477,085","99,630","21,490","6,642",1128%,542%,357%,"3,321",564%,271%,178%,"2,166",368%,177%,116%,"1,433",2654%,1419%,975%,716,1326%,709%,487%,467,865%,462%,318%
"Muncie, IN",377,36,129,253,8,22,"128,803","27,663","77,282","16,260","3,539","1,084",840%,428%,288%,542,420%,214%,144%,353,274%,140%,94%,236,2950%,1073%,656%,118,1475%,536%,328%,77,963%,350%,214%
"Munster, IN","1,500",105,642,"1,071",42,74,"239,843","45,234","143,906","29,920","6,420","1,995",311%,186%,133%,997,155%,93%,66%,650,101%,61%,43%,428,1019%,578%,408%,214,510%,289%,204%,140,333%,189%,133%
"Muskegon, MI",501,57,253,377,40,49,"209,507","45,654","125,704","26,486","5,774","1,766",698%,468%,352%,883,349%,234%,176%,576,228%,153%,115%,385,963%,786%,675%,192,480%,392%,337%,126,315%,257%,221%
"Napa, CA",456,70,152,304,41,56,"218,503","53,625","131,102","27,966","6,185","1,864",1226%,613%,409%,932,613%,307%,204%,608,400%,200%,133%,412,1005%,736%,589%,206,502%,368%,294%,134,327%,239%,191%
"Nashville, TN","7,810","1,118","2,987","5,398",317,717,"2,282,662","410,987","1,369,597","283,650","60,570","18,910",633%,350%,242%,"9,455",317%,175%,121%,"6,166",206%,114%,79%,"4,038",1274%,563%,361%,"2,019",637%,282%,181%,"1,317",415%,184%,118%
"Neenah, WI",447,46,262,355,25,35,"191,863","39,899","115,118","24,147","5,236","1,610",615%,454%,360%,805,307%,227%,180%,525,200%,148%,117%,349,1396%,997%,759%,175,700%,500%,380%,114,456%,326%,248%
"New Brunswick, NJ","2,177",213,616,"1,397",126,170,"845,392","153,380","507,235","105,117","22,464","7,008",1138%,502%,322%,"3,504",569%,251%,161%,"2,285",371%,164%,105%,"1,498",1189%,881%,703%,749,594%,441%,352%,488,387%,287%,229%
"New Haven, CT","2,825",286,610,"1,717",118,202,"1,177,072","244,084","706,243","148,099","32,104","9,873",1619%,575%,349%,"4,937",809%,288%,175%,"3,220",528%,188%,114%,"2,140",1814%,1059%,748%,"1,070",907%,530%,374%,698,592%,346%,244%
"New Orleans, LA","2,491",313,869,"1,680",77,195,"554,325","92,037","332,595","68,439","14,499","4,563",525%,272%,183%,"2,281",262%,136%,92%,"1,488",171%,89%,60%,967,1256%,496%,309%,483,627%,248%,154%,315,409%,162%,101%
"Newark, NJ","3,636",403,"1,033","2,334",195,299,"1,233,539","198,090","740,123","151,914","32,082","10,128",980%,434%,279%,"5,064",490%,217%,139%,"3,302",320%,141%,91%,"2,139",1097%,715%,531%,"1,069",548%,358%,265%,697,357%,233%,173%
"Newport News, VA",905,145,251,578,45,95,"447,424","89,385","268,454","56,101","12,111","3,740",1490%,647%,413%,"1,870",745%,324%,207%,"1,220",486%,211%,135%,807,1793%,849%,557%,404,898%,425%,279%,263,584%,277%,181%
"Norfolk, VA","2,543",276,782,"1,663",82,179,"1,023,500","174,191","614,100","126,608","26,885","8,441",1079%,508%,332%,"4,220",540%,254%,166%,"2,752",352%,165%,108%,"1,792",2185%,1001%,649%,896,1093%,501%,325%,584,712%,326%,212%
"Ocala, FL",902,150,289,596,51,100,"449,792","185,054","269,875","61,824","14,753","4,122",1426%,692%,457%,"2,061",713%,346%,228%,"1,344",465%,226%,149%,984,1929%,984%,656%,492,965%,492%,328%,321,629%,321%,214%
"Odessa, TX","1,014",101,543,779,38,70,"283,753","43,182","170,252","34,809","7,315","2,321",427%,298%,229%,"1,160",214%,149%,114%,757,139%,97%,75%,488,1284%,697%,483%,244,642%,349%,242%,159,418%,227%,157%
"Ogden, UT",750,110,371,561,42,76,"356,000","51,907","213,600","43,543","9,116","2,903",782%,517%,387%,"1,451",391%,259%,193%,947,255%,169%,126%,608,1448%,800%,553%,304,724%,400%,276%,198,471%,261%,180%
"Oklahoma City, OK","5,541",582,"2,447","3,994",225,404,"1,491,485","279,037","894,891","185,934","39,860","12,396",507%,310%,224%,"6,198",253%,155%,112%,"4,042",165%,101%,73%,"2,657",1181%,658%,457%,"1,329",591%,329%,228%,867,385%,215%,149%
"Olympia, WA",558,84,173,365,25,54,"320,156","71,021","192,094","40,546","8,857","2,703",1562%,741%,484%,"1,352",782%,370%,242%,881,509%,241%,158%,590,2360%,1093%,702%,295,1180%,546%,351%,193,772%,357%,230%
"Omaha, NE","4,017",449,"1,742","2,879",184,317,"1,010,995","195,073","606,597","126,373","27,180","8,425",484%,293%,210%,"4,212",242%,146%,105%,"2,747",158%,95%,68%,"1,812",985%,572%,404%,906,492%,286%,202%,591,321%,186%,132%
"Orange County, CA","5,813",690,"2,236","4,024",293,491,"2,662,559","456,181","1,597,535","329,534","70,022","21,969",983%,546%,378%,"10,984",491%,273%,189%,"7,164",320%,178%,123%,"4,668",1593%,951%,677%,"2,334",797%,475%,338%,"1,522",519%,310%,221%
"Orlando, FL","10,004","1,284","3,292","6,648",448,866,"3,130,935","714,153","1,878,561","397,633","87,152","26,509",805%,399%,265%,"13,254",403%,199%,132%,"8,644",263%,130%,86%,"5,810",1297%,671%,452%,"2,905",648%,335%,226%,"1,895",423%,219%,148%
"Ormond Beach, FL",872,158,359,616,63,110,"338,880","108,815","203,328","44,835","10,286","2,989",833%,485%,343%,"1,494",416%,243%,171%,975,272%,158%,112%,686,1089%,624%,434%,343,544%,312%,217%,224,356%,204%,142%
"Owensboro, KY",390,36,175,282,14,25,"112,038","24,900","67,223","14,192","3,101",946,541%,335%,243%,473,270%,168%,121%,309,177%,110%,79%,207,1479%,828%,575%,103,736%,412%,286%,67,479%,268%,186%
"Oxford, MS",835,29,344,589,15,22,"116,854","21,977","70,112","14,574","3,126",972,283%,165%,116%,486,141%,83%,58%,317,92%,54%,38%,208,1387%,945%,717%,104,693%,473%,359%,68,453%,309%,234%
"Paducah, KY","1,490",117,779,"1,134",57,87,"290,227","70,421","174,136","37,100","8,193","2,473",317%,218%,166%,"1,237",159%,109%,83%,807,104%,71%,54%,546,958%,628%,467%,273,479%,314%,233%,178,312%,205%,152%
"Palm Springs/Rancho Mira, CA",974,69,404,689,23,46,"305,976","94,312","183,586","40,257","9,181","2,684",664%,390%,276%,"1,342",332%,195%,138%,875,217%,127%,90%,612,2661%,1330%,887%,306,1330%,665%,443%,200,870%,435%,290%
"Paterson, NJ","1,164",84,527,845,12,48,"310,775","60,087","186,465","38,853","8,358","2,590",491%,307%,223%,"1,295",246%,153%,111%,845,160%,100%,73%,557,4642%,1160%,663%,279,2325%,581%,332%,182,1517%,379%,217%
"Pensacola, FL","2,001",230,755,"1,378",91,160,"636,854","130,505","382,112","80,040","17,328","5,336",707%,387%,267%,"2,668",353%,194%,133%,"1,740",230%,126%,87%,"1,155",1269%,722%,502%,578,635%,361%,251%,377,414%,236%,164%
"Peoria, IL","1,725",156,643,"1,184",71,114,"469,070","106,095","281,442","59,521","13,033","3,968",617%,335%,230%,"1,984",309%,168%,115%,"1,294",201%,109%,75%,869,1224%,762%,557%,434,611%,381%,278%,283,399%,248%,181%
"Petoskey, MI",476,68,178,327,22,45,"142,627","37,819","85,576","18,415","4,113","1,228",690%,376%,258%,614,345%,188%,129%,400,225%,122%,84%,274,1245%,609%,403%,137,623%,304%,201%,89,405%,198%,131%
"Philadelphia, PA","10,697","1,257","3,634","7,165",546,902,"3,331,376","632,032","1,998,826","415,803","89,270","27,720",763%,387%,259%,"13,860",381%,193%,130%,"9,039",249%,126%,85%,"5,951",1090%,660%,473%,"2,976",545%,330%,237%,"1,941",355%,215%,154%
"Phoenix, AZ","6,977",957,"2,567","4,772",416,687,"2,761,090","532,669","1,656,654","345,126","74,227","23,008",896%,482%,330%,"11,504",448%,241%,165%,"7,503",292%,157%,108%,"4,948",1189%,720%,517%,"2,474",595%,360%,259%,"1,614",388%,235%,169%
"Pittsburgh, PA","8,133","1,079","2,738","5,436",420,749,"2,324,172","541,967","1,394,503","295,848","65,015","19,723",720%,363%,243%,"9,862",360%,181%,121%,"6,431",235%,118%,79%,"4,334",1032%,579%,402%,"2,167",516%,289%,201%,"1,413",336%,189%,131%
"Pontiac, MI",911,95,321,616,49,72,"376,936","70,983","226,162","47,017","10,086","3,134",976%,509%,344%,"1,567",488%,254%,172%,"1,022",318%,166%,112%,672,1371%,933%,707%,336,686%,467%,354%,219,447%,304%,231%
"Portland, ME","2,524",209,710,"1,617",92,151,"876,231","194,509","525,739","110,977","24,246","7,398",1042%,458%,293%,"3,699",521%,229%,147%,"2,413",340%,149%,96%,"1,616",1757%,1070%,773%,808,878%,535%,387%,527,573%,349%,252%
"Portland, OR","4,684",661,"1,737","3,211",278,469,"2,215,589","412,976","1,329,353","276,117","59,171","18,408",1060%,573%,393%,"9,204",530%,287%,196%,"6,003",346%,187%,128%,"3,945",1419%,841%,597%,"1,972",709%,420%,298%,"1,286",463%,274%,195%
"Providence, RI","2,249",293,690,"1,470",82,188,"986,702","192,737","592,021","123,470","26,590","8,231",1193%,560%,366%,"4,116",597%,280%,183%,"2,684",389%,183%,119%,"1,773",2162%,943%,605%,886,1080%,471%,302%,578,705%,307%,197%
"Provo, UT",941,122,387,664,52,87,"436,975","52,585","262,185","52,812","10,889","3,521",910%,530%,374%,"1,760",455%,265%,187%,"1,148",297%,173%,122%,726,1396%,834%,595%,363,698%,417%,298%,237,456%,272%,194%
"Pueblo, CO",615,28,238,426,7,17,"138,550","32,449","83,130","17,644","3,880","1,176",494%,276%,191%,588,247%,138%,96%,384,161%,90%,62%,259,3700%,1524%,925%,129,1843%,759%,461%,84,1200%,494%,300%
"Raleigh, NC","3,560",375,"1,124","2,342",160,267,"1,670,043","272,076","1,002,026","205,893","43,540","13,726",1221%,586%,386%,"6,863",611%,293%,193%,"4,476",398%,191%,126%,"2,903",1814%,1087%,774%,"1,451",907%,543%,387%,947,592%,355%,253%
"Rapid City, SD",878,46,343,610,20,33,"173,590","37,388","104,154","21,920","4,772","1,461",426%,240%,166%,731,213%,120%,83%,477,139%,78%,54%,318,1590%,964%,691%,159,795%,482%,346%,104,520%,315%,226%
"Reading, PA","1,329",99,559,944,50,75,"466,917","99,775","280,150","58,916","12,815","3,928",703%,416%,296%,"1,964",351%,208%,148%,"1,281",229%,136%,96%,854,1708%,1139%,863%,427,854%,569%,431%,279,558%,372%,282%
"Redding, CA",786,109,284,535,58,83,"276,179","64,591","165,707","35,166","7,731","2,344",825%,438%,298%,"1,172",413%,219%,149%,764,269%,143%,97%,515,888%,620%,472%,258,445%,311%,237%,168,290%,202%,154%
"Reno, NV","1,886",406,660,"1,273",128,267,"605,953","127,753","363,572","76,361","16,584","5,091",771%,400%,270%,"2,545",386%,200%,135%,"1,660",252%,130%,88%,"1,106",864%,414%,272%,553,432%,207%,136%,361,282%,135%,89%
"Richmond, VA","4,478",465,"1,488","2,983",144,305,"1,409,076","264,187","845,446","175,693","37,673","11,713",787%,393%,262%,"5,856",394%,196%,131%,"3,819",257%,128%,85%,"2,512",1744%,824%,540%,"1,256",872%,412%,270%,819,569%,269%,176%
"Ridgewood, NJ",814,83,275,544,35,59,"338,732","65,551","203,239","42,352","9,112","2,823",1027%,519%,347%,"1,412",513%,260%,173%,921,335%,169%,113%,607,1734%,1029%,731%,304,869%,515%,366%,198,566%,336%,239%
"Roanoke, VA","2,189",272,593,"1,391",113,192,"569,741","127,897","341,845","72,241","15,803","4,816",812%,346%,220%,"2,408",406%,173%,110%,"1,570",265%,113%,72%,"1,054",933%,549%,388%,527,466%,274%,194%,344,304%,179%,126%
"Rochester, MN","1,835",240,594,"1,215",90,165,"320,367","71,522","192,220","40,599","8,876","2,707",456%,223%,148%,"1,353",228%,111%,74%,883,149%,73%,48%,592,658%,359%,247%,296,329%,179%,123%,193,214%,117%,80%
"Rochester, NY","3,766",289,827,"2,297",87,188,"1,036,499","211,611","621,899","130,223","28,180","8,682",1050%,378%,231%,"4,341",525%,189%,115%,"2,831",342%,123%,75%,"1,879",2160%,999%,650%,939,1079%,499%,325%,613,705%,326%,212%
"Rockford, IL","1,320",199,613,966,96,147,"552,131","118,035","331,279","69,671","15,155","4,645",758%,481%,352%,"2,322",379%,240%,176%,"1,515",247%,157%,115%,"1,010",1052%,687%,508%,505,526%,344%,254%,329,343%,224%,165%
"Rome, GA",733,74,229,481,16,45,"221,920","45,706","133,152","27,904","6,044","1,860",812%,387%,254%,930,406%,193%,127%,607,265%,126%,83%,403,2519%,896%,545%,201,1256%,447%,272%,131,819%,291%,177%
"Royal Oak, MI","2,781",324,858,"1,819",97,211,"556,198","117,512","333,719","70,105","15,229","4,674",545%,257%,168%,"2,337",272%,128%,84%,"1,524",178%,84%,55%,"1,015",1046%,481%,313%,508,524%,241%,157%,331,341%,157%,102%
"Sacramento, CA","4,381",616,"1,315","2,848",224,420,"2,076,640","403,030","1,245,984","259,710","55,892","17,314",1317%,608%,395%,"8,657",658%,304%,198%,"5,646",429%,198%,129%,"3,726",1663%,887%,605%,"1,863",832%,444%,302%,"1,215",542%,289%,197%
"Saginaw, MI","2,396",208,962,"1,679",63,136,"489,824","124,235","293,894","62,921","13,973","4,195",436%,250%,175%,"2,097",218%,125%,88%,"1,368",142%,81%,57%,932,1479%,685%,448%,466,740%,343%,224%,304,483%,224%,146%
"Salem, OR",487,64,154,321,10,37,"255,161","50,897","153,097","31,990","6,905","2,133",1385%,664%,438%,"1,066",692%,332%,219%,695,451%,217%,143%,460,4600%,1243%,719%,230,2300%,622%,359%,150,1500%,405%,234%
"Salinas, CA",740,70,290,515,37,54,"303,247","51,843","181,948","37,525","7,972","2,502",863%,486%,338%,"1,251",431%,243%,169%,816,281%,158%,110%,531,1435%,983%,759%,266,719%,493%,380%,173,468%,320%,247%
"Salisbury, MD",598,59,187,392,26,43,"371,513","100,254","222,908","48,067","10,761","3,204",1713%,817%,536%,"1,602",857%,409%,268%,"1,045",559%,267%,175%,717,2758%,1667%,1215%,359,1381%,835%,608%,234,900%,544%,397%
"Salt Lake City, UT","3,999",526,"1,804","2,902",277,402,"1,552,687","249,737","931,612","191,241","40,393","12,749",707%,439%,319%,"6,375",353%,220%,159%,"4,157",230%,143%,104%,"2,693",972%,670%,512%,"1,346",486%,335%,256%,878,317%,218%,167%
"San Angelo, TX",584,35,323,454,17,26,"126,084","26,085","75,650","15,860","3,437","1,057",327%,233%,181%,529,164%,117%,91%,345,107%,76%,59%,229,1347%,881%,654%,115,676%,442%,329%,75,441%,288%,214%
"San Antonio, TX","6,234",747,"2,477","4,356",216,482,"2,191,766","376,149","1,315,060","271,302","57,658","18,087",730%,415%,290%,"9,043",365%,208%,145%,"5,898",238%,135%,95%,"3,844",1780%,798%,515%,"1,922",890%,399%,257%,"1,253",580%,260%,168%
"San Bernardino, CA","5,691",690,"2,125","3,908",231,460,"2,406,889","366,977","1,444,133","295,303","62,069","19,687",926%,504%,346%,"9,843",463%,252%,173%,"6,420",302%,164%,113%,"4,138",1791%,900%,600%,"2,069",896%,450%,300%,"1,349",584%,293%,196%
"San Diego, CA","6,178",802,"1,949","4,064",358,580,"3,005,567","497,077","1,803,340","370,968","78,559","24,731",1269%,609%,400%,"12,366",634%,304%,200%,"8,065",414%,198%,131%,"5,237",1463%,903%,653%,"2,619",732%,452%,327%,"1,708",477%,294%,213%
"San Francisco, CA","3,776",439,"1,139","2,458",203,321,"1,272,753","236,390","763,652","158,568","33,968","10,571",928%,430%,280%,"5,286",464%,215%,140%,"3,447",303%,140%,91%,"2,265",1116%,706%,516%,"1,132",558%,353%,258%,738,364%,230%,168%
"San Jose, CA","2,547",341,916,"1,731",146,244,"1,456,607","234,573","873,964","179,424","37,901","11,962",1306%,691%,470%,"5,981",653%,346%,235%,"3,901",426%,225%,153%,"2,527",1731%,1036%,741%,"1,263",865%,518%,370%,824,564%,338%,242%
"San Luis Obispo, CA",390,54,202,296,33,44,"213,703","46,965","128,222","27,039","5,900","1,803",893%,609%,462%,901,446%,304%,231%,588,291%,199%,151%,393,1191%,893%,728%,197,597%,448%,365%,128,388%,291%,237%
"San Mateo County, CA","1,555",198,452,"1,003",88,143,"666,874","128,195","400,124","83,331","17,915","5,555",1229%,554%,357%,"2,778",615%,277%,179%,"1,812",401%,181%,117%,"1,194",1357%,835%,603%,597,678%,417%,302%,389,442%,272%,196%
"Santa Barbara, CA",858,82,246,552,35,59,"359,828","67,153","215,897","44,848","9,612","2,990",1215%,542%,348%,"1,495",608%,271%,174%,975,396%,177%,114%,641,1831%,1086%,782%,320,914%,542%,390%,209,597%,354%,255%
"Santa Cruz, CA",359,22,169,264,6,14,"229,413","39,590","137,648","28,410","6,041","1,894",1121%,717%,528%,947,560%,359%,264%,618,366%,234%,172%,403,6717%,2879%,1832%,201,3350%,1436%,914%,131,2183%,936%,595%
"Santa Rosa, CA","1,272",93,306,789,45,69,"402,885","88,435","241,731","50,970","11,121","3,398",1110%,431%,267%,"1,699",555%,215%,134%,"1,108",362%,140%,87%,741,1647%,1074%,797%,371,824%,538%,399%,242,538%,351%,260%
"Sarasota, FL","1,309",159,604,957,77,118,"374,960","156,791","224,976","51,683","12,367","3,446",571%,360%,263%,"1,723",285%,180%,132%,"1,124",186%,117%,86%,824,1070%,698%,518%,412,535%,349%,259%,269,349%,228%,169%
"Savannah, GA","2,050",163,650,"1,350",55,109,"701,923","139,656","421,154","87,980","18,985","5,865",902%,434%,286%,"2,933",451%,217%,143%,"1,913",294%,142%,93%,"1,266",2302%,1161%,777%,633,1151%,581%,388%,413,751%,379%,253%
"Sayre, PA",591,62,215,403,28,45,"153,089","36,987","91,853","19,560","4,317","1,304",607%,324%,221%,652,303%,162%,110%,425,198%,105%,72%,288,1029%,640%,465%,144,514%,320%,232%,94,336%,209%,152%
"Scranton, PA",782,65,324,553,31,48,"253,817","63,450","152,290","32,552","7,216","2,170",670%,392%,277%,"1,085",335%,196%,139%,708,219%,128%,91%,481,1552%,1002%,740%,241,777%,502%,371%,157,506%,327%,242%
"Seattle, WA","4,700",651,"1,366","3,033",209,430,"2,421,217","421,176","1,452,730","300,026","63,847","20,002",1464%,659%,426%,"10,001",732%,330%,213%,"6,522",477%,215%,139%,"4,256",2036%,990%,654%,"2,128",1018%,495%,327%,"1,388",664%,323%,213%
"Shreveport, LA","2,468",283,"1,080","1,774",111,197,"531,003","109,269","318,602","66,763","14,460","4,451",412%,251%,180%,"2,225",206%,125%,90%,"1,451",134%,82%,59%,964,868%,489%,341%,482,434%,245%,170%,314,283%,159%,111%
"Sioux City, IA",909,59,362,635,23,41,"195,685","41,561","117,411","24,677","5,364","1,645",454%,259%,181%,823,227%,130%,91%,536,148%,84%,59%,358,1557%,873%,607%,179,778%,437%,303%,117,509%,285%,198%
"Sioux Falls, SD","4,065",103,"1,653","2,859",52,77,"603,563","129,561","362,138","76,191","16,581","5,079",307%,178%,125%,"2,540",154%,89%,62%,"1,656",100%,58%,41%,"1,105",2125%,1435%,1073%,553,1063%,718%,537%,360,692%,468%,350%
"Slidell, LA",536,137,338,437,70,103,"149,492","32,656","89,695","18,903","4,122","1,260",373%,288%,235%,630,186%,144%,118%,411,122%,94%,77%,275,393%,267%,201%,137,196%,133%,100%,90,129%,87%,66%
"South Bend, IN","1,273",148,551,912,70,109,"539,539","108,077","323,723","67,668","14,613","4,511",819%,495%,354%,"2,256",409%,247%,177%,"1,471",267%,161%,116%,974,1391%,894%,658%,487,696%,447%,329%,318,454%,292%,215%
"Spartanburg, SC",809,125,280,545,65,95,"300,991","64,361","180,595","37,982","8,262","2,532",904%,465%,313%,"1,266",452%,232%,156%,826,295%,152%,102%,551,848%,580%,441%,275,423%,289%,220%,180,277%,189%,144%
"Spokane, WA","3,652",355,"1,657","2,655",134,245,"1,210,559","251,604","726,335","152,345","33,033","10,156",613%,383%,278%,"5,078",306%,191%,139%,"3,312",200%,125%,91%,"2,202",1643%,899%,620%,"1,101",822%,449%,310%,718,536%,293%,202%
"Springdale, AR","1,144",135,616,880,73,104,"437,572","77,638","262,543","54,309","11,580","3,621",588%,411%,317%,"1,810",294%,206%,158%,"1,181",192%,134%,103%,772,1058%,742%,572%,386,529%,371%,286%,252,345%,242%,187%
"Springfield, IL","2,426",213,"1,172","1,799",79,146,"637,463","146,057","382,478","80,996","17,762","5,400",461%,300%,223%,"2,700",230%,150%,111%,"1,761",150%,98%,73%,"1,184",1499%,811%,556%,592,749%,405%,278%,386,489%,264%,181%
"Springfield, MA","1,588",195,500,"1,044",73,134,"600,306","123,079","360,184","75,450","16,335","5,030",1006%,482%,317%,"2,515",503%,241%,158%,"1,640",328%,157%,103%,"1,089",1492%,813%,558%,544,745%,406%,279%,355,486%,265%,182%
"Springfield, MO","2,078",226,819,"1,449",67,147,"688,462","166,812","413,077","87,993","19,429","5,866",716%,405%,282%,"2,933",358%,202%,141%,"1,913",234%,132%,92%,"1,295",1933%,881%,573%,648,967%,441%,287%,422,630%,287%,187%
"St. Cloud, MN",898,45,227,563,16,31,"203,089","38,678","121,853","25,357","5,446","1,690",744%,300%,188%,845,372%,150%,94%,551,243%,98%,61%,363,2269%,1171%,807%,182,1138%,587%,404%,118,738%,381%,262%
"St. Joseph, MI",393,20,238,316,9,14,"110,235","26,066","66,141","14,053","3,093",937,394%,297%,238%,468,197%,148%,119%,306,129%,97%,78%,206,2289%,1471%,1030%,103,1144%,736%,515%,67,744%,479%,335%
"St. Louis, MO","10,187","1,180","4,326","7,257",547,864,"2,666,497","532,142","1,599,898","334,313","72,164","22,288",515%,307%,219%,"11,144",258%,154%,109%,"7,268",168%,100%,71%,"4,811",880%,557%,408%,"2,405",440%,278%,204%,"1,569",287%,182%,133%
"St. Paul, MN","1,604",183,582,"1,093",48,116,"856,536","148,362","513,922","106,102","22,569","7,073",1215%,647%,441%,"3,537",608%,324%,221%,"2,307",396%,211%,144%,"1,505",3135%,1297%,822%,752,1567%,648%,411%,491,1023%,423%,268%
"St. Petersburg, FL","1,424",139,613,"1,018",33,86,"354,891","90,670","212,935","45,626","10,142","3,042",496%,299%,214%,"1,521",248%,149%,107%,992,162%,97%,70%,676,2048%,786%,486%,338,1024%,393%,243%,220,667%,256%,158%
"Stockton, CA",918,121,329,623,41,81,"464,979","77,159","278,987","57,406","12,161","3,827",1163%,614%,417%,"1,914",582%,307%,208%,"1,248",379%,200%,136%,811,1978%,1001%,670%,405,988%,500%,335%,264,644%,326%,218%
"Sun City, AZ",845,119,364,604,81,100,"237,503","104,547","142,502","33,035","7,975","2,202",605%,365%,261%,"1,101",302%,182%,130%,718,197%,119%,85%,532,657%,532%,447%,266,328%,266%,224%,173,214%,173%,145%
"Syracuse, NY","3,062",243,950,"2,006",77,160,"832,908","165,881","499,745","104,407","22,532","6,960",733%,347%,227%,"3,480",366%,173%,114%,"2,270",239%,113%,74%,"1,502",1951%,939%,618%,751,975%,469%,309%,490,636%,306%,202%
"Tacoma, WA","1,388",197,366,877,62,129,"642,251","109,410","385,351","79,453","16,873","5,297",1447%,604%,382%,"2,648",723%,302%,191%,"1,727",472%,197%,124%,"1,125",1815%,872%,571%,562,906%,436%,285%,367,592%,284%,186%
"Takoma Park, MD","1,181",150,294,738,48,99,"789,639","122,832","473,783","97,020","20,429","6,468",2200%,876%,548%,"3,234",1100%,438%,274%,"2,109",717%,286%,179%,"1,362",2838%,1376%,908%,681,1419%,688%,454%,444,925%,448%,296%
"Tallahassee, FL","2,242",193,603,"1,423",50,122,"668,985","118,753","401,391","83,033","17,705","5,536",918%,389%,247%,"2,768",459%,195%,123%,"1,805",299%,127%,81%,"1,180",2360%,967%,611%,590,1180%,484%,306%,385,770%,316%,199%
"Tampa, FL","4,005",515,"1,289","2,647",165,340,"1,170,264","218,181","702,158","145,846","31,255","9,723",754%,367%,243%,"4,862",377%,184%,121%,"3,171",246%,120%,79%,"2,084",1263%,613%,405%,"1,042",632%,306%,202%,679,412%,200%,132%
"Temple, TX",985,162,390,688,50,106,"409,683","59,971","245,810","50,122","10,497","3,341",857%,486%,339%,"1,671",428%,243%,170%,"1,090",279%,158%,111%,700,1400%,660%,432%,350,700%,330%,216%,228,456%,215%,141%
"Terre Haute, IN",468,64,207,337,37,50,"140,148","28,559","84,089","17,605","3,809","1,174",567%,348%,251%,587,284%,174%,125%,383,185%,114%,82%,254,686%,508%,397%,127,343%,254%,198%,83,224%,166%,130%
"Texarkana, AR",656,90,383,519,62,76,"198,305","43,677","118,983","25,096","5,478","1,673",437%,322%,255%,837,219%,161%,128%,546,143%,105%,83%,365,589%,480%,406%,183,295%,241%,203%,119,192%,157%,132%
"Toledo, OH","2,679",456,"1,122","1,900",179,317,"767,671","155,817","460,603","96,396","20,847","6,426",573%,338%,240%,"3,213",286%,169%,120%,"2,096",187%,110%,78%,"1,390",777%,438%,305%,695,388%,219%,152%,453,253%,143%,99%
"Topeka, KS","1,304",112,594,949,49,80,"352,693","68,579","211,616","44,116","9,496","2,941",495%,310%,226%,"1,471",248%,155%,113%,959,161%,101%,74%,633,1292%,791%,565%,317,647%,396%,283%,206,420%,258%,184%
"Traverse City, MI",756,26,293,525,7,17,"189,619","52,436","113,771","24,605","5,527","1,640",560%,312%,217%,820,280%,156%,108%,535,183%,102%,71%,368,5257%,2165%,1415%,184,2629%,1082%,708%,120,1714%,706%,462%
"Tucson, AZ","2,677",335,"1,184","1,930",161,248,"971,119","232,066","582,671","123,935","27,318","8,262",698%,428%,309%,"4,131",349%,214%,154%,"2,694",228%,140%,101%,"1,821",1131%,734%,544%,911,566%,367%,272%,594,369%,240%,177%
"Tulsa, OK","4,185",486,"1,783","2,984",159,323,"1,070,712","213,442","642,427","134,227","28,971","8,948",502%,300%,214%,"4,474",251%,150%,107%,"2,918",164%,98%,70%,"1,931",1214%,598%,397%,966,608%,299%,199%,630,396%,195%,130%
"Tupelo, MS","1,634",104,818,"1,226",61,83,"308,796","61,185","185,278","38,690","8,345","2,579",315%,210%,158%,"1,290",158%,105%,79%,841,103%,69%,51%,556,911%,670%,535%,278,456%,335%,267%,181,297%,218%,174%
"Tuscaloosa, AL","1,066",143,297,681,37,90,"215,194","37,920","129,116","26,693","5,688","1,780",599%,261%,167%,890,300%,131%,83%,580,195%,85%,54%,379,1024%,421%,265%,190,514%,211%,133%,124,335%,138%,87%
"Tyler, TX","1,338",224,527,932,127,176,"437,181","98,736","262,309","55,467","12,143","3,698",702%,397%,276%,"1,849",351%,198%,138%,"1,206",229%,129%,90%,810,638%,460%,362%,405,319%,230%,181%,264,208%,150%,118%
"Urbana, IL","1,047",99,480,764,54,77,"361,763","69,031","217,058","45,176","9,705","3,012",628%,394%,288%,"1,506",314%,197%,144%,982,205%,129%,94%,647,1198%,840%,654%,324,600%,421%,327%,211,391%,274%,213%
"Ventura, CA","1,087",163,278,682,94,128,"669,683","124,579","401,810","83,445","17,878","5,563",2001%,816%,512%,"2,782",1001%,408%,256%,"1,814",653%,266%,167%,"1,192",1268%,931%,731%,596,634%,466%,366%,389,414%,304%,239%
"Victoria, TX",574,46,352,463,18,32,"115,052","25,536","69,031","14,571","3,183",971,276%,210%,169%,486,138%,105%,85%,317,90%,68%,55%,212,1178%,663%,461%,106,589%,331%,230%,69,383%,216%,150%
"Waco, TX",720,60,261,490,24,42,"264,389","54,218","158,633","33,231","7,195","2,215",849%,452%,308%,"1,108",425%,226%,154%,722,277%,147%,100%,480,2000%,1143%,800%,240,1000%,571%,400%,156,650%,371%,260%
"Washington, DC","5,055",601,"1,595","3,325",218,409,"2,179,021","378,878","1,307,413","270,005","57,456","18,000",1129%,541%,356%,"9,000",564%,271%,178%,"5,870",368%,177%,116%,"3,830",1757%,936%,637%,"1,915",878%,468%,319%,"1,249",573%,305%,208%
"Waterloo, IA",668,36,340,504,19,28,"167,837","36,303","100,702","21,203","4,618","1,414",416%,281%,212%,707,208%,140%,106%,461,136%,91%,69%,308,1621%,1100%,856%,154,811%,550%,428%,100,526%,357%,278%
"Wausau, WI",403,72,152,278,45,59,"150,679","36,287","90,407","19,246","4,246","1,283",844%,462%,318%,642,422%,231%,159%,418,275%,150%,104%,283,629%,480%,393%,142,316%,241%,197%,92,204%,156%,128%
"White Plains, NY","2,973",243,597,"1,785",137,190,"896,882","178,478","538,129","112,418","24,259","7,495",1255%,420%,252%,"3,747",628%,210%,126%,"2,444",409%,137%,82%,"1,617",1180%,851%,665%,809,591%,426%,333%,527,385%,277%,217%
"Wichita Falls, TX",516,24,298,407,8,16,"154,615","31,786","92,769","19,438","4,210","1,296",435%,318%,251%,648,217%,159%,126%,423,142%,104%,82%,281,3513%,1756%,1171%,140,1750%,875%,583%,92,1150%,575%,383%
"Wichita, KS","4,590",442,"2,225","3,407",202,322,"951,715","198,669","571,029","119,820","25,993","7,988",359%,234%,174%,"3,994",180%,117%,87%,"2,605",117%,76%,57%,"1,733",858%,538%,392%,866,429%,269%,196%,565,280%,175%,128%
"Wilkes-Barre, PA",651,102,263,457,24,63,"198,135","47,118","118,881","25,273","5,567","1,685",641%,369%,259%,842,320%,184%,129%,549,209%,120%,84%,371,1546%,589%,364%,186,775%,295%,182%,121,504%,192%,119%
"Wilmington, DE","1,845",237,601,"1,223",62,149,"637,120","120,121","382,272","79,479","17,052","5,299",882%,433%,287%,"2,649",441%,217%,144%,"1,728",288%,141%,94%,"1,137",1834%,763%,480%,568,916%,381%,240%,371,598%,249%,157%
"Wilmington, NC","1,005",90,251,628,17,54,"385,088","91,585","231,053","49,120","10,821","3,275",1305%,521%,326%,"1,637",652%,261%,163%,"1,068",425%,170%,106%,721,4241%,1335%,801%,361,2124%,669%,401%,235,1382%,435%,261%
"Winchester, VA","1,051",84,357,704,22,53,"350,240","74,330","210,144","44,164","9,599","2,944",825%,418%,280%,"1,472",412%,209%,140%,960,269%,136%,91%,640,2909%,1208%,762%,320,1455%,604%,381%,209,950%,394%,249%
"Winston-Salem, NC","2,870",499,843,"1,857",40,269,"899,862","197,294","539,917","113,830","24,833","7,589",900%,409%,264%,"3,794",450%,204%,132%,"2,475",294%,133%,86%,"1,656",4140%,616%,332%,828,2070%,308%,166%,540,1350%,201%,108%
"Worcester, MA","1,525",169,425,975,43,106,"652,386","122,123","391,432","81,333","17,437","5,422",1276%,556%,356%,"2,711",638%,278%,178%,"1,768",416%,181%,116%,"1,162",2702%,1096%,688%,581,1351%,548%,344%,379,881%,358%,224%
"Yakima, WA",369,58,200,285,33,45,"220,972","40,707","132,583","27,511","5,888","1,834",917%,644%,497%,917,459%,322%,249%,598,299%,210%,162%,393,1191%,873%,678%,196,594%,436%,338%,128,388%,284%,221%
"York, PA",868,79,267,567,8,43,"343,334","73,773","206,000","43,345","9,434","2,890",1082%,510%,333%,"1,445",541%,255%,166%,942,353%,166%,109%,629,7863%,1463%,796%,314,3925%,730%,397%,205,2563%,477%,259%
"Youngstown, OH","1,555",158,543,"1,049",66,112,"493,628","124,167","296,177","63,351","14,054","4,223",778%,403%,272%,"2,112",389%,201%,136%,"1,377",254%,131%,89%,937,1420%,837%,593%,468,709%,418%,296%,306,464%,273%,194%